route_id,service_id,trip_id,trip_headsign,trip_short_name,direction_id,shape_id,samtrafiken_internal_trip_number
9011010000100000,1,100001000003000002,,,1,1100000000000000198,3
9011010000100000,2,100001000007000001,,,1,1100000000000000200,7
9011010000100000,2,100001000011000001,,,1,1100000000000000196,11
9011010000100000,2,100001000019000001,,,1,1100000000000000200,19
9011010000100000,2,100001000021000001,,,1,1100000000000000200,21
9011010000100000,2,100001000023000001,,,1,1100000000000000200,23
9011010000100000,2,100001000027000001,,,1,1100000000000000200,27
9011010000100000,2,100001000029000001,,,1,1100000000000000200,29
9011010000100000,2,100001000045000001,,,1,1100000000000000202,45
9011010000100000,2,100001000055000001,,,1,1100000000000000200,55
9011010000100000,2,100001000069000001,,,1,1100000000000000200,69
9011010000100000,2,100001000077000001,,,1,1100000000000000200,77
9011010000100000,2,100001000079000001,,,1,1100000000000000200,79
9011010000100000,2,100001000093000001,,,1,1100000000000000200,93
9011010000100000,2,100001000103000001,,,1,1100000000000000200,103
9011010000100000,2,100001000113000001,,,1,1100000000000000200,113
9011010000100000,2,100001000127000001,,,1,1100000000000000200,127
9011010000100000,2,100001000133000001,,,1,1100000000000000200,133
9011010000100000,2,100001000135000001,,,1,1100000000000000200,135
9011010000100000,2,100001000139000001,,,1,1100000000000000202,139
9011010000100000,2,100001000153000001,,,1,1100000000000000202,153
9011010000100000,3,100001000157000001,,,1,1100000000000000203,157
9011010000100000,3,100001000159000001,,,1,1100000000000000204,159
9011010000100000,1,100001000159000002,,,1,1100000000000000204,159
9011010000100000,1,100001000167000001,,,1,1100000000000000204,167
9011010000100000,3,100001000169000001,,,1,1100000000000000204,169
9011010000100000,2,100001000171000001,,,1,1100000000000000204,171
9011010000100000,3,100001000175000001,,,1,1100000000000000204,175
9011010000100000,1,100001000183000001,,,1,1100000000000000204,183
9011010000100000,3,100001000183000002,,,1,1100000000000000204,183
9011010000100000,4,100001000191000001,,,1,1100000000000000204,191
9011010000100000,5,100001000191000002,,,1,1100000000000000204,191
9011010000100000,6,100001000193000001,,,1,1100000000000000204,193
9011010000100000,6,100001000197000001,,,1,1100000000000000204,197
9011010000100000,6,100001000211000001,,,1,1100000000000000204,211
9011010000100000,6,100001000215000001,,,1,1100000000000000201,215
9011010000100000,6,100001000219000001,,,1,1100000000000000201,219
9011010000100000,6,100001000231000001,,,1,1100000000000000201,231
9011010000100000,6,100001000293000001,,,1,1100000000000000201,293
9011010000100000,6,100001000303000001,,,1,1100000000000000199,303
9011010000100000,6,100001000309000001,,,1,1100000000000000199,309
9011010000100000,6,100001000313000001,,,1,1100000000000000199,313
9011010000100000,6,100001000319000001,,,1,1100000000000000199,319
9011010000100000,6,100001000329000001,,,1,1100000000000000204,329
9011010000100000,4,100001000337000001,,,1,1100000000000000197,337
9011010000100000,7,100001000343000001,,,1,1100000000000000204,343
9011010000100000,7,100001000345000001,,,1,1100000000000000204,345
9011010000100000,7,100001000349000001,,,1,1100000000000000204,349
9011010000100000,7,100001000359000001,,,1,1100000000000000204,359
9011010000100000,7,100001000365000001,,,1,1100000000000000204,365
9011010000100000,7,100001000387000001,,,1,1100000000000000201,387
9011010000100000,7,100001000407000001,,,1,1100000000000000201,407
9011010000100000,7,100001000423000001,,,1,1100000000000000199,423
9011010000100000,7,100001000427000001,,,1,1100000000000000204,427
9011010000100000,7,100001000429000001,,,1,1100000000000000204,429
9011010000100000,7,100001000435000001,,,1,1100000000000000204,435
9011010000100000,2,100001000005000001,,,1,1100000000000000200,5
9011010000100000,2,100001000015000001,,,1,1100000000000000200,15
9011010000100000,2,100001000025000001,,,1,1100000000000000200,25
9011010000100000,2,100001000033000001,,,1,1100000000000000202,33
9011010000100000,2,100001000037000001,,,1,1100000000000000202,37
9011010000100000,2,100001000041000001,,,1,1100000000000000202,41
9011010000100000,2,100001000057000001,,,1,1100000000000000200,57
9011010000100000,2,100001000067000001,,,1,1100000000000000200,67
9011010000100000,2,100001000081000001,,,1,1100000000000000200,81
9011010000100000,2,100001000085000001,,,1,1100000000000000200,85
9011010000100000,2,100001000105000001,,,1,1100000000000000200,105
9011010000100000,2,100001000123000001,,,1,1100000000000000200,123
9011010000100000,2,100001000129000001,,,1,1100000000000000200,129
9011010000100000,2,100001000131000001,,,1,1100000000000000200,131
9011010000100000,2,100001000141000001,,,1,1100000000000000202,141
9011010000100000,3,100001000161000002,,,1,1100000000000000204,161
9011010000100000,3,100001000167000002,,,1,1100000000000000204,167
9011010000100000,1,100001000173000002,,,1,1100000000000000204,173
9011010000100000,1,100001000181000002,,,1,1100000000000000204,181
9011010000100000,3,100001000189000001,,,1,1100000000000000197,189
9011010000100000,6,100001000195000001,,,1,1100000000000000204,195
9011010000100000,6,100001000201000001,,,1,1100000000000000204,201
9011010000100000,6,100001000207000001,,,1,1100000000000000204,207
9011010000100000,6,100001000209000001,,,1,1100000000000000204,209
9011010000100000,6,100001000217000001,,,1,1100000000000000201,217
9011010000100000,6,100001000243000001,,,1,1100000000000000201,243
9011010000100000,6,100001000245000001,,,1,1100000000000000201,245
9011010000100000,6,100001000263000001,,,1,1100000000000000201,263
9011010000100000,6,100001000265000001,,,1,1100000000000000201,265
9011010000100000,6,100001000267000001,,,1,1100000000000000201,267
9011010000100000,6,100001000269000001,,,1,1100000000000000201,269
9011010000100000,6,100001000273000001,,,1,1100000000000000201,273
9011010000100000,6,100001000277000001,,,1,1100000000000000201,277
9011010000100000,6,100001000279000001,,,1,1100000000000000201,279
9011010000100000,6,100001000285000001,,,1,1100000000000000201,285
9011010000100000,6,100001000287000001,,,1,1100000000000000201,287
9011010000100000,6,100001000305000001,,,1,1100000000000000199,305
9011010000100000,6,100001000311000001,,,1,1100000000000000199,311
9011010000100000,6,100001000315000001,,,1,1100000000000000199,315
9011010000100000,6,100001000317000001,,,1,1100000000000000199,317
9011010000100000,6,100001000327000001,,,1,1100000000000000204,327
9011010000100000,6,100001000331000001,,,1,1100000000000000204,331
9011010000100000,6,100001000335000001,,,1,1100000000000000204,335
9011010000100000,7,100001000353000001,,,1,1100000000000000204,353
9011010000100000,7,100001000357000001,,,1,1100000000000000204,357
9011010000100000,7,100001000361000001,,,1,1100000000000000204,361
9011010000100000,7,100001000367000001,,,1,1100000000000000199,367
9011010000100000,7,100001000369000001,,,1,1100000000000000199,369
9011010000100000,7,100001000375000001,,,1,1100000000000000199,375
9011010000100000,7,100001000381000001,,,1,1100000000000000201,381
9011010000100000,7,100001000383000001,,,1,1100000000000000201,383
9011010000100000,7,100001000385000001,,,1,1100000000000000201,385
9011010000100000,7,100001000397000001,,,1,1100000000000000201,397
9011010000100000,7,100001000401000001,,,1,1100000000000000201,401
9011010000100000,7,100001000403000001,,,1,1100000000000000201,403
9011010000100000,7,100001000411000001,,,1,1100000000000000199,411
9011010000100000,7,100001000425000001,,,1,1100000000000000204,425
9011010000100000,7,100001000437000001,,,1,1100000000000000204,437
9011010000100000,8,100001000451000001,,,1,1100000000000000197,451
9011010000100000,2,100001000001000001,,,1,1100000000000000198,1
9011010000100000,3,100001000003000001,,,1,1100000000000000198,3
9011010000100000,2,100001000009000001,,,1,1100000000000000200,9
9011010000100000,2,100001000013000001,,,1,1100000000000000200,13
9011010000100000,2,100001000017000001,,,1,1100000000000000200,17
9011010000100000,2,100001000043000001,,,1,1100000000000000202,43
9011010000100000,2,100001000049000001,,,1,1100000000000000200,49
9011010000100000,2,100001000053000001,,,1,1100000000000000200,53
9011010000100000,2,100001000059000001,,,1,1100000000000000200,59
9011010000100000,2,100001000073000001,,,1,1100000000000000200,73
9011010000100000,2,100001000075000001,,,1,1100000000000000200,75
9011010000100000,2,100001000083000001,,,1,1100000000000000200,83
9011010000100000,2,100001000087000001,,,1,1100000000000000200,87
9011010000100000,2,100001000089000001,,,1,1100000000000000200,89
9011010000100000,2,100001000095000001,,,1,1100000000000000200,95
9011010000100000,2,100001000097000001,,,1,1100000000000000200,97
9011010000100000,2,100001000101000001,,,1,1100000000000000200,101
9011010000100000,2,100001000107000001,,,1,1100000000000000200,107
9011010000100000,2,100001000111000001,,,1,1100000000000000200,111
9011010000100000,2,100001000115000001,,,1,1100000000000000200,115
9011010000100000,2,100001000119000001,,,1,1100000000000000200,119
9011010000100000,2,100001000125000001,,,1,1100000000000000200,125
9011010000100000,2,100001000145000001,,,1,1100000000000000202,145
9011010000100000,2,100001000163000001,,,1,1100000000000000204,163
9011010000100000,1,100001000169000002,,,1,1100000000000000204,169
9011010000100000,1,100001000175000002,,,1,1100000000000000204,175
9011010000100000,3,100001000181000001,,,1,1100000000000000204,181
9011010000100000,5,100001000203000002,,,1,1100000000000000204,203
9011010000100000,6,100001000213000001,,,1,1100000000000000204,213
9011010000100000,6,100001000221000001,,,1,1100000000000000201,221
9011010000100000,6,100001000225000001,,,1,1100000000000000201,225
9011010000100000,5,100001000227000001,,,1,1100000000000000201,227
9011010000100000,6,100001000229000001,,,1,1100000000000000201,229
9011010000100000,6,100001000235000001,,,1,1100000000000000201,235
9011010000100000,6,100001000239000001,,,1,1100000000000000201,239
9011010000100000,6,100001000241000001,,,1,1100000000000000201,241
9011010000100000,6,100001000247000001,,,1,1100000000000000201,247
9011010000100000,6,100001000255000001,,,1,1100000000000000201,255
9011010000100000,6,100001000257000001,,,1,1100000000000000201,257
9011010000100000,6,100001000259000001,,,1,1100000000000000201,259
9011010000100000,6,100001000271000001,,,1,1100000000000000201,271
9011010000100000,6,100001000275000001,,,1,1100000000000000201,275
9011010000100000,6,100001000283000001,,,1,1100000000000000201,283
9011010000100000,6,100001000291000001,,,1,1100000000000000201,291
9011010000100000,6,100001000297000001,,,1,1100000000000000201,297
9011010000100000,6,100001000301000001,,,1,1100000000000000201,301
9011010000100000,6,100001000321000001,,,1,1100000000000000199,321
9011010000100000,6,100001000325000001,,,1,1100000000000000204,325
9011010000100000,6,100001000333000001,,,1,1100000000000000204,333
9011010000100000,5,100001000337000002,,,1,1100000000000000197,337
9011010000100000,6,100001000339000001,,,1,1100000000000000197,339
9011010000100000,6,100001000341000001,,,1,1100000000000000197,341
9011010000100000,7,100001000347000001,,,1,1100000000000000204,347
9011010000100000,7,100001000355000001,,,1,1100000000000000204,355
9011010000100000,7,100001000363000001,,,1,1100000000000000204,363
9011010000100000,7,100001000371000001,,,1,1100000000000000199,371
9011010000100000,7,100001000373000001,,,1,1100000000000000199,373
9011010000100000,7,100001000377000001,,,1,1100000000000000199,377
9011010000100000,7,100001000379000001,,,1,1100000000000000201,379
9011010000100000,7,100001000393000001,,,1,1100000000000000201,393
9011010000100000,7,100001000399000001,,,1,1100000000000000201,399
9011010000100000,7,100001000413000001,,,1,1100000000000000199,413
9011010000100000,7,100001000415000001,,,1,1100000000000000199,415
9011010000100000,7,100001000439000001,,,1,1100000000000000204,439
9011010000100000,7,100001000443000001,,,1,1100000000000000204,443
9011010000100000,2,100001000031000001,,,1,1100000000000000200,31
9011010000100000,2,100001000035000001,,,1,1100000000000000202,35
9011010000100000,2,100001000039000001,,,1,1100000000000000202,39
9011010000100000,2,100001000047000001,,,1,1100000000000000202,47
9011010000100000,2,100001000051000001,,,1,1100000000000000200,51
9011010000100000,2,100001000061000001,,,1,1100000000000000200,61
9011010000100000,2,100001000063000001,,,1,1100000000000000200,63
9011010000100000,2,100001000065000001,,,1,1100000000000000200,65
9011010000100000,2,100001000071000001,,,1,1100000000000000200,71
9011010000100000,2,100001000091000001,,,1,1100000000000000200,91
9011010000100000,2,100001000099000001,,,1,1100000000000000200,99
9011010000100000,2,100001000109000001,,,1,1100000000000000200,109
9011010000100000,2,100001000117000001,,,1,1100000000000000200,117
9011010000100000,2,100001000121000001,,,1,1100000000000000200,121
9011010000100000,2,100001000137000001,,,1,1100000000000000200,137
9011010000100000,2,100001000143000001,,,1,1100000000000000202,143
9011010000100000,2,100001000147000001,,,1,1100000000000000202,147
9011010000100000,2,100001000149000001,,,1,1100000000000000202,149
9011010000100000,2,100001000151000001,,,1,1100000000000000202,151
9011010000100000,2,100001000155000001,,,1,1100000000000000203,155
9011010000100000,1,100001000157000002,,,1,1100000000000000203,157
9011010000100000,1,100001000161000001,,,1,1100000000000000204,161
9011010000100000,3,100001000165000001,,,1,1100000000000000204,165
9011010000100000,1,100001000165000002,,,1,1100000000000000204,165
9011010000100000,3,100001000173000001,,,1,1100000000000000204,173
9011010000100000,3,100001000177000001,,,1,1100000000000000204,177
9011010000100000,1,100001000177000002,,,1,1100000000000000204,177
9011010000100000,2,100001000179000001,,,1,1100000000000000204,179
9011010000100000,3,100001000185000001,,,1,1100000000000000197,185
9011010000100000,3,100001000187000001,,,1,1100000000000000197,187
9011010000100000,6,100001000199000001,,,1,1100000000000000204,199
9011010000100000,4,100001000203000001,,,1,1100000000000000204,203
9011010000100000,6,100001000205000001,,,1,1100000000000000204,205
9011010000100000,6,100001000223000001,,,1,1100000000000000201,223
9011010000100000,4,100001000227000002,,,1,1100000000000000201,227
9011010000100000,6,100001000233000001,,,1,1100000000000000201,233
9011010000100000,6,100001000237000001,,,1,1100000000000000201,237
9011010000100000,6,100001000249000001,,,1,1100000000000000201,249
9011010000100000,6,100001000251000001,,,1,1100000000000000201,251
9011010000100000,6,100001000253000001,,,1,1100000000000000201,253
9011010000100000,6,100001000261000001,,,1,1100000000000000201,261
9011010000100000,6,100001000281000001,,,1,1100000000000000201,281
9011010000100000,6,100001000289000001,,,1,1100000000000000201,289
9011010000100000,6,100001000295000001,,,1,1100000000000000201,295
9011010000100000,6,100001000299000001,,,1,1100000000000000201,299
9011010000100000,6,100001000307000001,,,1,1100000000000000199,307
9011010000100000,6,100001000323000001,,,1,1100000000000000204,323
9011010000100000,7,100001000351000001,,,1,1100000000000000204,351
9011010000100000,7,100001000389000001,,,1,1100000000000000201,389
9011010000100000,7,100001000391000001,,,1,1100000000000000201,391
9011010000100000,7,100001000395000001,,,1,1100000000000000201,395
9011010000100000,7,100001000405000001,,,1,1100000000000000201,405
9011010000100000,7,100001000409000001,,,1,1100000000000000201,409
9011010000100000,7,100001000417000001,,,1,1100000000000000199,417
9011010000100000,7,100001000419000001,,,1,1100000000000000199,419
9011010000100000,7,100001000421000001,,,1,1100000000000000199,421
9011010000100000,7,100001000431000001,,,1,1100000000000000204,431
9011010000100000,7,100001000433000001,,,1,1100000000000000204,433
9011010000100000,7,100001000441000001,,,1,1100000000000000204,441
9011010000100000,8,100001000445000001,,,1,1100000000000000204,445
9011010000100000,8,100001000447000001,,,1,1100000000000000197,447
9011010000100000,8,100001000449000001,,,1,1100000000000000197,449
9011010000100000,2,100001000036000001,,,0,1100000000000000210,36
9011010000100000,2,100001000048000001,,,0,1100000000000000210,48
9011010000100000,2,100001000066000001,,,0,1100000000000000210,66
9011010000100000,2,100001000068000001,,,0,1100000000000000210,68
9011010000100000,2,100001000072000001,,,0,1100000000000000210,72
9011010000100000,2,100001000078000001,,,0,1100000000000000210,78
9011010000100000,2,100001000088000001,,,0,1100000000000000210,88
9011010000100000,2,100001000098000001,,,0,1100000000000000210,98
9011010000100000,2,100001000104000001,,,0,1100000000000000210,104
9011010000100000,2,100001000112000001,,,0,1100000000000000211,112
9011010000100000,2,100001000116000001,,,0,1100000000000000211,116
9011010000100000,2,100001000154000001,,,0,1100000000000000210,154
9011010000100000,3,100001000160000001,,,0,1100000000000000212,160
9011010000100000,1,100001000160000002,,,0,1100000000000000212,160
9011010000100000,2,100001000166000001,,,0,1100000000000000209,166
9011010000100000,3,100001000168000001,,,0,1100000000000000209,168
9011010000100000,3,100001000192000001,,,0,1100000000000000208,192
9011010000100000,6,100001000200000001,,,0,1100000000000000209,200
9011010000100000,6,100001000208000001,,,0,1100000000000000209,208
9011010000100000,6,100001000216000001,,,0,1100000000000000207,216
9011010000100000,6,100001000236000001,,,0,1100000000000000207,236
9011010000100000,6,100001000238000001,,,0,1100000000000000207,238
9011010000100000,6,100001000244000001,,,0,1100000000000000207,244
9011010000100000,6,100001000284000001,,,0,1100000000000000206,284
9011010000100000,6,100001000300000001,,,0,1100000000000000207,300
9011010000100000,6,100001000302000001,,,0,1100000000000000207,302
9011010000100000,6,100001000304000001,,,0,1100000000000000207,304
9011010000100000,6,100001000318000001,,,0,1100000000000000205,318
9011010000100000,6,100001000330000001,,,0,1100000000000000209,330
9011010000100000,6,100001000340000001,,,0,1100000000000000209,340
9011010000100000,6,100001000356000001,,,0,1100000000000000208,356
9011010000100000,7,100001000380000001,,,0,1100000000000000205,380
9011010000100000,7,100001000382000001,,,0,1100000000000000205,382
9011010000100000,7,100001000394000001,,,0,1100000000000000213,394
9011010000100000,7,100001000420000001,,,0,1100000000000000213,420
9011010000100000,7,100001000422000001,,,0,1100000000000000213,422
9011010000100000,7,100001000434000001,,,0,1100000000000000209,434
9011010000100000,7,100001000436000001,,,0,1100000000000000209,436
9011010000100000,7,100001000454000001,,,0,1100000000000000209,454
9011010000100000,7,100001000456000001,,,0,1100000000000000209,456
9011010000100000,7,100001000458000001,,,0,1100000000000000209,458
9011010000100000,8,100001000464000001,,,0,1100000000000000208,464
9011010000100000,3,100001000002000001,,,0,1100000000000000212,2
9011010000100000,2,100001000006000001,,,0,1100000000000000211,6
9011010000100000,2,100001000010000001,,,0,1100000000000000211,10
9011010000100000,2,100001000020000001,,,0,1100000000000000211,20
9011010000100000,2,100001000026000001,,,0,1100000000000000211,26
9011010000100000,2,100001000028000001,,,0,1100000000000000210,28
9011010000100000,2,100001000030000001,,,0,1100000000000000210,30
9011010000100000,2,100001000034000001,,,0,1100000000000000210,34
9011010000100000,2,100001000044000001,,,0,1100000000000000210,44
9011010000100000,2,100001000050000001,,,0,1100000000000000210,50
9011010000100000,2,100001000052000001,,,0,1100000000000000210,52
9011010000100000,2,100001000074000001,,,0,1100000000000000210,74
9011010000100000,2,100001000086000001,,,0,1100000000000000210,86
9011010000100000,2,100001000094000001,,,0,1100000000000000210,94
9011010000100000,2,100001000096000001,,,0,1100000000000000210,96
9011010000100000,2,100001000100000001,,,0,1100000000000000210,100
9011010000100000,2,100001000114000001,,,0,1100000000000000211,114
9011010000100000,2,100001000118000001,,,0,1100000000000000211,118
9011010000100000,2,100001000124000001,,,0,1100000000000000211,124
9011010000100000,2,100001000128000001,,,0,1100000000000000211,128
9011010000100000,2,100001000132000001,,,0,1100000000000000211,132
9011010000100000,2,100001000142000001,,,0,1100000000000000210,142
9011010000100000,2,100001000146000001,,,0,1100000000000000210,146
9011010000100000,2,100001000150000001,,,0,1100000000000000210,150
9011010000100000,2,100001000158000001,,,0,1100000000000000212,158
9011010000100000,1,100001000162000001,,,0,1100000000000000212,162
9011010000100000,1,100001000164000001,,,0,1100000000000000212,164
9011010000100000,3,100001000170000001,,,0,1100000000000000209,170
9011010000100000,1,100001000172000001,,,0,1100000000000000209,172
9011010000100000,3,100001000178000001,,,0,1100000000000000209,178
9011010000100000,6,100001000196000001,,,0,1100000000000000209,196
9011010000100000,6,100001000204000001,,,0,1100000000000000209,204
9011010000100000,5,100001000210000002,,,0,1100000000000000209,210
9011010000100000,6,100001000220000001,,,0,1100000000000000207,220
9011010000100000,5,100001000224000002,,,0,1100000000000000207,224
9011010000100000,6,100001000226000001,,,0,1100000000000000207,226
9011010000100000,6,100001000232000001,,,0,1100000000000000207,232
9011010000100000,6,100001000240000001,,,0,1100000000000000207,240
9011010000100000,5,100001000242000002,,,0,1100000000000000207,242
9011010000100000,6,100001000250000001,,,0,1100000000000000206,250
9011010000100000,6,100001000258000001,,,0,1100000000000000206,258
9011010000100000,6,100001000262000001,,,0,1100000000000000206,262
9011010000100000,6,100001000268000001,,,0,1100000000000000206,268
9011010000100000,6,100001000270000001,,,0,1100000000000000206,270
9011010000100000,6,100001000274000001,,,0,1100000000000000206,274
9011010000100000,6,100001000276000001,,,0,1100000000000000206,276
9011010000100000,6,100001000298000001,,,0,1100000000000000207,298
9011010000100000,6,100001000306000001,,,0,1100000000000000207,306
9011010000100000,6,100001000324000001,,,0,1100000000000000205,324
9011010000100000,6,100001000332000001,,,0,1100000000000000209,332
9011010000100000,6,100001000334000001,,,0,1100000000000000209,334
9011010000100000,6,100001000336000001,,,0,1100000000000000209,336
9011010000100000,5,100001000350000001,,,0,1100000000000000208,350
9011010000100000,7,100001000360000001,,,0,1100000000000000209,360
9011010000100000,7,100001000368000001,,,0,1100000000000000209,368
9011010000100000,7,100001000378000001,,,0,1100000000000000209,378
9011010000100000,7,100001000390000001,,,0,1100000000000000213,390
9011010000100000,7,100001000408000001,,,0,1100000000000000213,408
9011010000100000,7,100001000412000001,,,0,1100000000000000213,412
9011010000100000,7,100001000414000001,,,0,1100000000000000213,414
9011010000100000,7,100001000416000001,,,0,1100000000000000213,416
9011010000100000,7,100001000424000001,,,0,1100000000000000213,424
9011010000100000,7,100001000432000001,,,0,1100000000000000205,432
9011010000100000,8,100001000468000001,,,0,1100000000000000208,468
9011010000100000,1,100001000002000002,,,0,1100000000000000212,2
9011010000100000,2,100001000004000001,,,0,1100000000000000212,4
9011010000100000,2,100001000008000001,,,0,1100000000000000211,8
9011010000100000,2,100001000012000001,,,0,1100000000000000211,12
9011010000100000,2,100001000014000001,,,0,1100000000000000211,14
9011010000100000,2,100001000016000001,,,0,1100000000000000211,16
9011010000100000,2,100001000032000001,,,0,1100000000000000210,32
9011010000100000,2,100001000038000001,,,0,1100000000000000210,38
9011010000100000,2,100001000042000001,,,0,1100000000000000210,42
9011010000100000,2,100001000054000001,,,0,1100000000000000210,54
9011010000100000,2,100001000058000001,,,0,1100000000000000210,58
9011010000100000,2,100001000064000001,,,0,1100000000000000210,64
9011010000100000,2,100001000070000001,,,0,1100000000000000210,70
9011010000100000,2,100001000090000001,,,0,1100000000000000210,90
9011010000100000,2,100001000106000001,,,0,1100000000000000210,106
9011010000100000,2,100001000108000001,,,0,1100000000000000210,108
9011010000100000,2,100001000110000001,,,0,1100000000000000210,110
9011010000100000,2,100001000130000001,,,0,1100000000000000211,130
9011010000100000,2,100001000134000001,,,0,1100000000000000211,134
9011010000100000,2,100001000136000001,,,0,1100000000000000211,136
9011010000100000,2,100001000140000001,,,0,1100000000000000211,140
9011010000100000,2,100001000144000001,,,0,1100000000000000210,144
9011010000100000,3,100001000156000001,,,0,1100000000000000212,156
9011010000100000,3,100001000162000002,,,0,1100000000000000212,162
9011010000100000,1,100001000168000002,,,0,1100000000000000209,168
9011010000100000,1,100001000170000002,,,0,1100000000000000209,170
9011010000100000,3,100001000172000002,,,0,1100000000000000209,172
9011010000100000,3,100001000176000001,,,0,1100000000000000209,176
9011010000100000,1,100001000176000002,,,0,1100000000000000209,176
9011010000100000,9,100001000180000001,,,0,1100000000000000209,180
9011010000100000,10,100001000180000002,,,0,1100000000000000209,180
9011010000100000,3,100001000186000001,,,0,1100000000000000208,186
9011010000100000,3,100001000188000001,,,0,1100000000000000208,188
9011010000100000,3,100001000194000001,,,0,1100000000000000208,194
9011010000100000,4,100001000198000001,,,0,1100000000000000209,198
9011010000100000,6,100001000202000001,,,0,1100000000000000209,202
9011010000100000,6,100001000212000001,,,0,1100000000000000209,212
9011010000100000,6,100001000218000001,,,0,1100000000000000207,218
9011010000100000,6,100001000222000001,,,0,1100000000000000207,222
9011010000100000,6,100001000230000001,,,0,1100000000000000207,230
9011010000100000,6,100001000234000001,,,0,1100000000000000207,234
9011010000100000,6,100001000246000001,,,0,1100000000000000207,246
9011010000100000,6,100001000252000001,,,0,1100000000000000206,252
9011010000100000,6,100001000254000001,,,0,1100000000000000206,254
9011010000100000,6,100001000260000001,,,0,1100000000000000206,260
9011010000100000,6,100001000264000001,,,0,1100000000000000206,264
9011010000100000,6,100001000282000001,,,0,1100000000000000206,282
9011010000100000,6,100001000292000001,,,0,1100000000000000206,292
9011010000100000,6,100001000294000001,,,0,1100000000000000207,294
9011010000100000,6,100001000296000001,,,0,1100000000000000207,296
9011010000100000,6,100001000310000001,,,0,1100000000000000207,310
9011010000100000,6,100001000312000001,,,0,1100000000000000205,312
9011010000100000,6,100001000316000001,,,0,1100000000000000205,316
9011010000100000,6,100001000322000001,,,0,1100000000000000205,322
9011010000100000,6,100001000326000001,,,0,1100000000000000205,326
9011010000100000,6,100001000328000001,,,0,1100000000000000205,328
9011010000100000,4,100001000346000001,,,0,1100000000000000208,346
9011010000100000,5,100001000346000002,,,0,1100000000000000208,346
9011010000100000,6,100001000348000001,,,0,1100000000000000208,348
9011010000100000,7,100001000358000001,,,0,1100000000000000209,358
9011010000100000,7,100001000362000001,,,0,1100000000000000209,362
9011010000100000,7,100001000364000001,,,0,1100000000000000209,364
9011010000100000,7,100001000366000001,,,0,1100000000000000209,366
9011010000100000,7,100001000370000001,,,0,1100000000000000209,370
9011010000100000,7,100001000388000001,,,0,1100000000000000213,388
9011010000100000,7,100001000392000001,,,0,1100000000000000213,392
9011010000100000,7,100001000402000001,,,0,1100000000000000213,402
9011010000100000,7,100001000410000001,,,0,1100000000000000213,410
9011010000100000,7,100001000418000001,,,0,1100000000000000213,418
9011010000100000,7,100001000438000001,,,0,1100000000000000209,438
9011010000100000,7,100001000440000001,,,0,1100000000000000209,440
9011010000100000,7,100001000444000001,,,0,1100000000000000209,444
9011010000100000,7,100001000446000001,,,0,1100000000000000209,446
9011010000100000,7,100001000448000001,,,0,1100000000000000209,448
9011010000100000,7,100001000450000001,,,0,1100000000000000209,450
9011010000100000,8,100001000460000001,,,0,1100000000000000208,460
9011010000100000,8,100001000462000001,,,0,1100000000000000208,462
9011010000100000,8,100001000466000001,,,0,1100000000000000208,466
9011010000100000,8,100001000470000001,,,0,1100000000000000208,470
9011010000100000,2,100001000018000001,,,0,1100000000000000211,18
9011010000100000,2,100001000022000001,,,0,1100000000000000211,22
9011010000100000,2,100001000024000001,,,0,1100000000000000211,24
9011010000100000,2,100001000040000001,,,0,1100000000000000210,40
9011010000100000,2,100001000046000001,,,0,1100000000000000210,46
9011010000100000,2,100001000056000001,,,0,1100000000000000210,56
9011010000100000,2,100001000060000001,,,0,1100000000000000210,60
9011010000100000,2,100001000062000001,,,0,1100000000000000210,62
9011010000100000,2,100001000076000001,,,0,1100000000000000210,76
9011010000100000,2,100001000080000001,,,0,1100000000000000210,80
9011010000100000,2,100001000082000001,,,0,1100000000000000210,82
9011010000100000,2,100001000084000001,,,0,1100000000000000210,84
9011010000100000,2,100001000092000001,,,0,1100000000000000210,92
9011010000100000,2,100001000102000001,,,0,1100000000000000210,102
9011010000100000,2,100001000120000001,,,0,1100000000000000211,120
9011010000100000,2,100001000122000001,,,0,1100000000000000211,122
9011010000100000,2,100001000126000001,,,0,1100000000000000211,126
9011010000100000,2,100001000138000001,,,0,1100000000000000211,138
9011010000100000,2,100001000148000001,,,0,1100000000000000210,148
9011010000100000,2,100001000152000001,,,0,1100000000000000210,152
9011010000100000,1,100001000156000002,,,0,1100000000000000212,156
9011010000100000,3,100001000164000002,,,0,1100000000000000212,164
9011010000100000,2,100001000174000001,,,0,1100000000000000209,174
9011010000100000,1,100001000178000002,,,0,1100000000000000209,178
9011010000100000,3,100001000184000001,,,0,1100000000000000208,184
9011010000100000,3,100001000190000001,,,0,1100000000000000208,190
9011010000100000,5,100001000198000002,,,0,1100000000000000209,198
9011010000100000,6,100001000206000001,,,0,1100000000000000209,206
9011010000100000,4,100001000210000001,,,0,1100000000000000209,210
9011010000100000,6,100001000214000001,,,0,1100000000000000207,214
9011010000100000,4,100001000224000001,,,0,1100000000000000207,224
9011010000100000,6,100001000228000001,,,0,1100000000000000207,228
9011010000100000,4,100001000242000001,,,0,1100000000000000207,242
9011010000100000,6,100001000248000001,,,0,1100000000000000206,248
9011010000100000,6,100001000256000001,,,0,1100000000000000206,256
9011010000100000,6,100001000266000001,,,0,1100000000000000206,266
9011010000100000,6,100001000272000001,,,0,1100000000000000206,272
9011010000100000,6,100001000278000001,,,0,1100000000000000206,278
9011010000100000,6,100001000280000001,,,0,1100000000000000206,280
9011010000100000,6,100001000286000001,,,0,1100000000000000206,286
9011010000100000,6,100001000288000001,,,0,1100000000000000206,288
9011010000100000,6,100001000290000001,,,0,1100000000000000206,290
9011010000100000,6,100001000308000001,,,0,1100000000000000207,308
9011010000100000,6,100001000314000001,,,0,1100000000000000205,314
9011010000100000,6,100001000320000001,,,0,1100000000000000205,320
9011010000100000,6,100001000338000001,,,0,1100000000000000209,338
9011010000100000,6,100001000342000001,,,0,1100000000000000209,342
9011010000100000,6,100001000344000001,,,0,1100000000000000209,344
9011010000100000,4,100001000350000002,,,0,1100000000000000208,350
9011010000100000,6,100001000352000001,,,0,1100000000000000208,352
9011010000100000,6,100001000354000001,,,0,1100000000000000208,354
9011010000100000,7,100001000372000001,,,0,1100000000000000209,372
9011010000100000,7,100001000374000001,,,0,1100000000000000209,374
9011010000100000,7,100001000376000001,,,0,1100000000000000209,376
9011010000100000,7,100001000384000001,,,0,1100000000000000205,384
9011010000100000,7,100001000386000001,,,0,1100000000000000205,386
9011010000100000,7,100001000396000001,,,0,1100000000000000213,396
9011010000100000,7,100001000398000001,,,0,1100000000000000213,398
9011010000100000,7,100001000400000001,,,0,1100000000000000213,400
9011010000100000,7,100001000404000001,,,0,1100000000000000213,404
9011010000100000,7,100001000406000001,,,0,1100000000000000213,406
9011010000100000,7,100001000428000001,,,0,1100000000000000205,428
9011010000100000,7,100001000430000001,,,0,1100000000000000205,430
9011010000100000,7,100001000442000001,,,0,1100000000000000209,442
9011010000100000,7,100001000452000001,,,0,1100000000000000209,452
9011010000200000,11,100002000001000001,,,1,1100000000000000340,1
9011010000200000,1,100002000001000002,,,1,1100000000000000340,1
9011010000200000,12,100002000003000001,,,1,1100000000000000328,3
9011010000200000,13,100002000011000001,,,1,1100000000000000330,11
9011010000200000,10,100002000015000001,,,1,1100000000000000331,15
9011010000200000,11,100002000029000003,,,1,1100000000000000333,29
9011010000200000,14,100002000029000005,,,1,1100000000000000333,29
9011010000200000,2,100002000031000001,,,1,1100000000000000334,31
9011010000200000,12,100002000035000001,,,1,1100000000000000334,35
9011010000200000,2,100002000037000001,,,1,1100000000000000334,37
9011010000200000,14,100002000045000003,,,1,1100000000000000334,45
9011010000200000,15,100002000059000001,,,1,1100000000000000334,59
9011010000200000,15,100002000065000001,,,1,1100000000000000334,65
9011010000200000,16,100002000067000002,,,1,1100000000000000334,67
9011010000200000,14,100002000073000001,,,1,1100000000000000343,73
9011010000200000,17,100002000077000001,,,1,1100000000000000343,77
9011010000200000,12,100002000081000001,,,1,1100000000000000334,81
9011010000200000,14,100002000087000002,,,1,1100000000000000336,87
9011010000200000,18,100002000091000002,,,1,1100000000000000336,91
9011010000200000,12,100002000093000001,,,1,1100000000000000336,93
9011010000200000,19,100002000095000003,,,1,1100000000000000336,95
9011010000200000,17,100002000095000006,,,1,1100000000000000336,95
9011010000200000,20,100002000095000007,,,1,1100000000000000336,95
9011010000200000,21,100002000099000001,,,1,1100000000000000328,99
9011010000200000,22,100002000099000005,,,1,1100000000000000328,99
9011010000200000,23,100002000099000007,,,1,1100000000000000328,99
9011010000200000,3,100002000101000001,,,1,1100000000000000337,101
9011010000200000,17,100002000103000001,,,1,1100000000000000337,103
9011010000200000,18,100002000103000002,,,1,1100000000000000337,103
9011010000200000,3,100002000105000001,,,1,1100000000000000337,105
9011010000200000,4,100002000113000002,,,1,1100000000000000340,113
9011010000200000,5,100002000127000001,,,1,1100000000000000340,127
9011010000200000,6,100002000139000001,,,1,1100000000000000340,139
9011010000200000,4,100002000161000001,,,1,1100000000000000337,161
9011010000200000,7,100002000169000001,,,1,1100000000000000340,169
9011010000200000,24,100002000173000001,,,1,1100000000000000340,173
9011010000200000,7,100002000177000001,,,1,1100000000000000340,177
9011010000200000,7,100002000179000001,,,1,1100000000000000340,179
9011010000200000,7,100002000181000001,,,1,1100000000000000340,181
9011010000200000,25,100002000187000001,,,1,1100000000000000340,187
9011010000200000,7,100002000189000001,,,1,1100000000000000340,189
9011010000200000,7,100002000191000001,,,1,1100000000000000340,191
9011010000200000,7,100002000193000001,,,1,1100000000000000340,193
9011010000200000,8,100002000199000001,,,1,1100000000000000337,199
9011010000200000,8,100002000201000001,,,1,1100000000000000337,201
9011010000200000,14,100002000927000001,,,1,1100000000000000333,927
9011010000200000,14,100002000969000001,,,1,1100000000000000343,969
9011010000200000,26,100002000001000003,,,1,1100000000000000340,1
9011010000200000,14,100002000003000002,,,1,1100000000000000328,3
9011010000200000,18,100002000007000001,,,1,1100000000000000329,7
9011010000200000,27,100002000011000002,,,1,1100000000000000330,11
9011010000200000,9,100002000019000002,,,1,1100000000000000331,19
9011010000200000,9,100002000027000002,,,1,1100000000000000333,27
9011010000200000,15,100002000033000001,,,1,1100000000000000334,33
9011010000200000,12,100002000039000001,,,1,1100000000000000334,39
9011010000200000,16,100002000045000002,,,1,1100000000000000334,45
9011010000200000,13,100002000047000001,,,1,1100000000000000334,47
9011010000200000,9,100002000049000003,,,1,1100000000000000334,49
9011010000200000,2,100002000057000001,,,1,1100000000000000334,57
9011010000200000,28,100002000071000001,,,1,1100000000000000343,71
9011010000200000,22,100002000077000002,,,1,1100000000000000343,77
9011010000200000,18,100002000077000003,,,1,1100000000000000343,77
9011010000200000,10,100002000083000001,,,1,1100000000000000334,83
9011010000200000,9,100002000083000002,,,1,1100000000000000334,83
9011010000200000,11,100002000087000003,,,1,1100000000000000336,87
9011010000200000,11,100002000089000001,,,1,1100000000000000336,89
9011010000200000,17,100002000089000003,,,1,1100000000000000336,89
9011010000200000,29,100002000095000004,,,1,1100000000000000336,95
9011010000200000,18,100002000097000001,,,1,1100000000000000328,97
9011010000200000,28,100002000097000002,,,1,1100000000000000328,97
9011010000200000,11,100002000099000002,,,1,1100000000000000328,99
9011010000200000,29,100002000099000006,,,1,1100000000000000328,99
9011010000200000,6,100002000111000001,,,1,1100000000000000339,111
9011010000200000,5,100002000115000002,,,1,1100000000000000340,115
9011010000200000,4,100002000127000002,,,1,1100000000000000340,127
9011010000200000,4,100002000133000001,,,1,1100000000000000340,133
9011010000200000,6,100002000135000001,,,1,1100000000000000340,135
9011010000200000,6,100002000137000001,,,1,1100000000000000340,137
9011010000200000,5,100002000145000002,,,1,1100000000000000340,145
9011010000200000,6,100002000157000001,,,1,1100000000000000341,157
9011010000200000,7,100002000175000001,,,1,1100000000000000340,175
9011010000200000,7,100002000185000001,,,1,1100000000000000340,185
9011010000200000,7,100002000197000001,,,1,1100000000000000337,197
9011010000200000,17,100002000971000001,,,1,1100000000000000343,971
9011010000200000,17,100002000991000001,,,1,1100000000000000336,991
9011010000200000,22,100002000991000002,,,1,1100000000000000336,991
9011010000200000,22,100002000997000002,,,1,1100000000000000328,997
9011010000200000,30,100002000007000002,,,1,1100000000000000329,7
9011010000200000,10,100002000019000001,,,1,1100000000000000331,19
9011010000200000,2,100002000023000001,,,1,1100000000000000332,23
9011010000200000,31,100002000029000002,,,1,1100000000000000333,29
9011010000200000,32,100002000033000002,,,1,1100000000000000334,33
9011010000200000,14,100002000035000002,,,1,1100000000000000334,35
9011010000200000,14,100002000039000002,,,1,1100000000000000334,39
9011010000200000,15,100002000043000001,,,1,1100000000000000334,43
9011010000200000,16,100002000049000002,,,1,1100000000000000334,49
9011010000200000,14,100002000051000002,,,1,1100000000000000334,51
9011010000200000,18,100002000055000002,,,1,1100000000000000334,55
9011010000200000,28,100002000055000003,,,1,1100000000000000334,55
9011010000200000,17,100002000055000004,,,1,1100000000000000334,55
9011010000200000,32,100002000059000002,,,1,1100000000000000334,59
9011010000200000,9,100002000061000002,,,1,1100000000000000334,61
9011010000200000,2,100002000063000001,,,1,1100000000000000334,63
9011010000200000,32,100002000065000002,,,1,1100000000000000334,65
9011010000200000,9,100002000067000001,,,1,1100000000000000334,67
9011010000200000,12,100002000069000001,,,1,1100000000000000343,69
9011010000200000,2,100002000075000001,,,1,1100000000000000343,75
9011010000200000,28,100002000077000004,,,1,1100000000000000343,77
9011010000200000,14,100002000079000002,,,1,1100000000000000334,79
9011010000200000,29,100002000089000005,,,1,1100000000000000336,89
9011010000200000,21,100002000089000007,,,1,1100000000000000336,89
9011010000200000,28,100002000091000001,,,1,1100000000000000336,91
9011010000200000,23,100002000095000005,,,1,1100000000000000336,95
9011010000200000,19,100002000099000008,,,1,1100000000000000328,99
9011010000200000,1,100002000101000002,,,1,1100000000000000337,101
9011010000200000,6,100002000109000001,,,1,1100000000000000338,109
9011010000200000,5,100002000113000001,,,1,1100000000000000340,113
9011010000200000,4,100002000115000001,,,1,1100000000000000340,115
9011010000200000,6,100002000117000001,,,1,1100000000000000340,117
9011010000200000,4,100002000121000001,,,1,1100000000000000340,121
9011010000200000,5,100002000121000002,,,1,1100000000000000340,121
9011010000200000,6,100002000123000001,,,1,1100000000000000340,123
9011010000200000,6,100002000125000001,,,1,1100000000000000340,125
9011010000200000,6,100002000129000001,,,1,1100000000000000340,129
9011010000200000,4,100002000131000001,,,1,1100000000000000340,131
9011010000200000,5,100002000131000002,,,1,1100000000000000340,131
9011010000200000,5,100002000133000002,,,1,1100000000000000340,133
9011010000200000,6,100002000149000001,,,1,1100000000000000340,149
9011010000200000,6,100002000153000001,,,1,1100000000000000340,153
9011010000200000,6,100002000155000001,,,1,1100000000000000340,155
9011010000200000,5,100002000163000002,,,1,1100000000000000337,163
9011010000200000,25,100002000167000001,,,1,1100000000000000342,167
9011010000200000,24,100002000167000002,,,1,1100000000000000342,167
9011010000200000,25,100002000173000002,,,1,1100000000000000340,173
9011010000200000,7,100002000183000001,,,1,1100000000000000340,183
9011010000200000,7,100002000195000001,,,1,1100000000000000341,195
9011010000200000,17,100002000997000001,,,1,1100000000000000328,997
9011010000200000,9,100002000015000002,,,1,1100000000000000331,15
9011010000200000,16,100002000027000001,,,1,1100000000000000333,27
9011010000200000,20,100002000029000001,,,1,1100000000000000333,29
9011010000200000,33,100002000029000004,,,1,1100000000000000333,29
9011010000200000,2,100002000041000001,,,1,1100000000000000334,41
9011010000200000,32,100002000043000002,,,1,1100000000000000334,43
9011010000200000,9,100002000045000001,,,1,1100000000000000334,45
9011010000200000,27,100002000047000002,,,1,1100000000000000334,47
9011010000200000,14,100002000049000001,,,1,1100000000000000334,49
9011010000200000,12,100002000051000001,,,1,1100000000000000334,51
9011010000200000,2,100002000053000001,,,1,1100000000000000334,53
9011010000200000,22,100002000055000001,,,1,1100000000000000334,55
9011010000200000,10,100002000061000001,,,1,1100000000000000334,61
9011010000200000,14,100002000067000003,,,1,1100000000000000334,67
9011010000200000,18,100002000071000002,,,1,1100000000000000343,71
9011010000200000,12,100002000073000002,,,1,1100000000000000343,73
9011010000200000,12,100002000079000001,,,1,1100000000000000334,79
9011010000200000,14,100002000081000002,,,1,1100000000000000334,81
9011010000200000,2,100002000085000001,,,1,1100000000000000335,85
9011010000200000,34,100002000087000001,,,1,1100000000000000336,87
9011010000200000,15,100002000087000004,,,1,1100000000000000336,87
9011010000200000,20,100002000089000002,,,1,1100000000000000336,89
9011010000200000,22,100002000089000004,,,1,1100000000000000336,89
9011010000200000,19,100002000089000006,,,1,1100000000000000336,89
9011010000200000,23,100002000089000008,,,1,1100000000000000336,89
9011010000200000,14,100002000093000002,,,1,1100000000000000336,93
9011010000200000,22,100002000095000001,,,1,1100000000000000336,95
9011010000200000,21,100002000095000002,,,1,1100000000000000336,95
9011010000200000,11,100002000095000008,,,1,1100000000000000336,95
9011010000200000,20,100002000099000003,,,1,1100000000000000328,99
9011010000200000,17,100002000099000004,,,1,1100000000000000328,99
9011010000200000,6,100002000107000001,,,1,1100000000000000338,107
9011010000200000,6,100002000119000001,,,1,1100000000000000340,119
9011010000200000,5,100002000141000001,,,1,1100000000000000340,141
9011010000200000,4,100002000141000002,,,1,1100000000000000340,141
9011010000200000,6,100002000143000001,,,1,1100000000000000340,143
9011010000200000,4,100002000145000001,,,1,1100000000000000340,145
9011010000200000,6,100002000147000001,,,1,1100000000000000340,147
9011010000200000,6,100002000151000001,,,1,1100000000000000340,151
9011010000200000,6,100002000159000001,,,1,1100000000000000337,159
9011010000200000,5,100002000161000002,,,1,1100000000000000337,161
9011010000200000,4,100002000163000001,,,1,1100000000000000337,163
9011010000200000,7,100002000165000001,,,1,1100000000000000342,165
9011010000200000,7,100002000171000001,,,1,1100000000000000340,171
9011010000200000,24,100002000187000002,,,1,1100000000000000340,187
9011010000200000,22,100002000971000002,,,1,1100000000000000343,971
9011010000200000,27,100002000004000002,,,0,1100000000000000354,4
9011010000200000,33,100002000006000001,,,0,1100000000000000354,6
9011010000200000,20,100002000006000005,,,0,1100000000000000354,6
9011010000200000,23,100002000008000002,,,0,1100000000000000354,8
9011010000200000,19,100002000008000005,,,0,1100000000000000354,8
9011010000200000,11,100002000008000006,,,0,1100000000000000354,8
9011010000200000,9,100002000010000001,,,0,1100000000000000354,10
9011010000200000,14,100002000010000003,,,0,1100000000000000354,10
9011010000200000,2,100002000016000001,,,0,1100000000000000354,16
9011010000200000,14,100002000018000002,,,0,1100000000000000354,18
9011010000200000,2,100002000024000001,,,0,1100000000000000354,24
9011010000200000,15,100002000026000001,,,0,1100000000000000354,26
9011010000200000,14,100002000032000002,,,0,1100000000000000354,32
9011010000200000,16,100002000032000003,,,0,1100000000000000354,32
9011010000200000,2,100002000040000001,,,0,1100000000000000354,40
9011010000200000,2,100002000042000001,,,0,1100000000000000348,42
9011010000200000,2,100002000046000001,,,0,1100000000000000354,46
9011010000200000,12,100002000050000001,,,0,1100000000000000355,50
9011010000200000,14,100002000050000002,,,0,1100000000000000355,50
9011010000200000,22,100002000054000001,,,0,1100000000000000356,54
9011010000200000,22,100002000066000001,,,0,1100000000000000356,66
9011010000200000,17,100002000066000004,,,0,1100000000000000356,66
9011010000200000,14,100002000070000002,,,0,1100000000000000355,70
9011010000200000,9,100002000074000001,,,0,1100000000000000355,74
9011010000200000,18,100002000086000002,,,0,1100000000000000360,86
9011010000200000,23,100002000092000004,,,0,1100000000000000345,92
9011010000200000,12,100002000096000002,,,0,1100000000000000344,96
9011010000200000,11,100002000098000003,,,0,1100000000000000345,98
9011010000200000,11,100002000104000001,,,0,1100000000000000345,104
9011010000200000,18,100002000106000002,,,0,1100000000000000345,106
9011010000200000,3,100002000108000001,,,0,1100000000000000351,108
9011010000200000,1,100002000108000002,,,0,1100000000000000351,108
9011010000200000,17,100002000110000003,,,0,1100000000000000359,110
9011010000200000,22,100002000110000004,,,0,1100000000000000359,110
9011010000200000,11,100002000122000002,,,0,1100000000000000326,122
9011010000200000,5,100002000132000001,,,0,1100000000000000346,132
9011010000200000,6,100002000140000001,,,0,1100000000000000346,140
9011010000200000,4,100002000144000001,,,0,1100000000000000346,144
9011010000200000,6,100002000148000001,,,0,1100000000000000346,148
9011010000200000,4,100002000152000002,,,0,1100000000000000346,152
9011010000200000,6,100002000166000001,,,0,1100000000000000346,166
9011010000200000,7,100002000186000001,,,0,1100000000000000347,186
9011010000200000,25,100002000188000002,,,0,1100000000000000346,188
9011010000200000,7,100002000196000001,,,0,1100000000000000346,196
9011010000200000,7,100002000198000001,,,0,1100000000000000346,198
9011010000200000,24,100002000202000002,,,0,1100000000000000346,202
9011010000200000,8,100002000218000001,,,0,1100000000000000327,218
9011010000200000,17,100002000900000001,,,0,1100000000000000344,900
9011010000200000,22,100002000900000002,,,0,1100000000000000344,900
9011010000200000,22,100002000994000002,,,0,1100000000000000345,994
9011010000200000,10,100002000002000002,,,0,1100000000000000353,2
9011010000200000,29,100002000008000004,,,0,1100000000000000354,8
9011010000200000,2,100002000014000001,,,0,1100000000000000354,14
9011010000200000,12,100002000018000001,,,0,1100000000000000354,18
9011010000200000,2,100002000020000001,,,0,1100000000000000354,20
9011010000200000,32,100002000026000002,,,0,1100000000000000354,26
9011010000200000,14,100002000028000002,,,0,1100000000000000354,28
9011010000200000,9,100002000032000001,,,0,1100000000000000354,32
9011010000200000,32,100002000038000001,,,0,1100000000000000353,38
9011010000200000,32,100002000048000002,,,0,1100000000000000355,48
9011010000200000,14,100002000052000001,,,0,1100000000000000355,52
9011010000200000,2,100002000062000001,,,0,1100000000000000355,62
9011010000200000,18,100002000066000002,,,0,1100000000000000356,66
9011010000200000,28,100002000066000003,,,0,1100000000000000356,66
9011010000200000,2,100002000082000001,,,0,1100000000000000360,82
9011010000200000,14,100002000090000004,,,0,1100000000000000360,90
9011010000200000,19,100002000092000006,,,0,1100000000000000345,92
9011010000200000,21,100002000092000007,,,0,1100000000000000345,92
9011010000200000,22,100002000098000001,,,0,1100000000000000345,98
9011010000200000,21,100002000098000005,,,0,1100000000000000345,98
9011010000200000,23,100002000098000006,,,0,1100000000000000345,98
9011010000200000,14,100002000102000001,,,0,1100000000000000345,102
9011010000200000,28,100002000110000002,,,0,1100000000000000359,110
9011010000200000,17,100002000114000002,,,0,1100000000000000358,114
9011010000200000,3,100002000116000001,,,0,1100000000000000326,116
9011010000200000,3,100002000120000001,,,0,1100000000000000326,120
9011010000200000,26,100002000122000001,,,0,1100000000000000326,122
9011010000200000,4,100002000128000002,,,0,1100000000000000347,128
9011010000200000,6,100002000134000001,,,0,1100000000000000347,134
9011010000200000,6,100002000136000001,,,0,1100000000000000346,136
9011010000200000,4,100002000138000001,,,0,1100000000000000346,138
9011010000200000,5,100002000138000002,,,0,1100000000000000346,138
9011010000200000,5,100002000144000002,,,0,1100000000000000346,144
9011010000200000,6,100002000146000001,,,0,1100000000000000346,146
9011010000200000,5,100002000152000001,,,0,1100000000000000346,152
9011010000200000,6,100002000162000001,,,0,1100000000000000347,162
9011010000200000,6,100002000164000001,,,0,1100000000000000346,164
9011010000200000,6,100002000168000001,,,0,1100000000000000346,168
9011010000200000,6,100002000178000001,,,0,1100000000000000327,178
9011010000200000,5,100002000182000001,,,0,1100000000000000327,182
9011010000200000,24,100002000188000001,,,0,1100000000000000346,188
9011010000200000,7,100002000200000001,,,0,1100000000000000347,200
9011010000200000,7,100002000204000001,,,0,1100000000000000346,204
9011010000200000,7,100002000206000001,,,0,1100000000000000346,206
9011010000200000,7,100002000210000001,,,0,1100000000000000350,210
9011010000200000,7,100002000212000001,,,0,1100000000000000346,212
9011010000200000,8,100002000224000001,,,0,1100000000000000327,224
9011010000200000,9,100002000002000001,,,0,1100000000000000353,2
9011010000200000,13,100002000004000001,,,0,1100000000000000354,4
9011010000200000,14,100002000006000004,,,0,1100000000000000354,6
9011010000200000,35,100002000008000001,,,0,1100000000000000354,8
9011010000200000,11,100002000006000002,,,0,1100000000000000354,6
9011010000200000,31,100002000006000003,,,0,1100000000000000354,6
9011010000200000,12,100002000022000001,,,0,1100000000000000354,22
9011010000200000,27,100002000030000002,,,0,1100000000000000348,30
9011010000200000,12,100002000034000001,,,0,1100000000000000354,34
9011010000200000,9,100002000044000002,,,0,1100000000000000354,44
9011010000200000,15,100002000048000001,,,0,1100000000000000355,48
9011010000200000,12,100002000070000001,,,0,1100000000000000355,70
9011010000200000,10,100002000074000002,,,0,1100000000000000355,74
9011010000200000,10,100002000078000001,,,0,1100000000000000357,78
9011010000200000,9,100002000078000002,,,0,1100000000000000357,78
9011010000200000,11,100002000090000001,,,0,1100000000000000360,90
9011010000200000,11,100002000092000001,,,0,1100000000000000345,92
9011010000200000,17,100002000092000003,,,0,1100000000000000345,92
9011010000200000,18,100002000094000002,,,0,1100000000000000345,94
9011010000200000,19,100002000098000002,,,0,1100000000000000345,98
9011010000200000,17,100002000098000007,,,0,1100000000000000345,98
9011010000200000,28,100002000100000001,,,0,1100000000000000344,100
9011010000200000,19,100002000104000005,,,0,1100000000000000345,104
9011010000200000,28,100002000106000001,,,0,1100000000000000345,106
9011010000200000,18,100002000110000001,,,0,1100000000000000359,110
9011010000200000,28,100002000112000001,,,0,1100000000000000359,112
9011010000200000,22,100002000112000002,,,0,1100000000000000359,112
9011010000200000,6,100002000124000001,,,0,1100000000000000346,124
9011010000200000,4,100002000126000001,,,0,1100000000000000346,126
9011010000200000,5,100002000128000001,,,0,1100000000000000347,128
9011010000200000,5,100002000142000001,,,0,1100000000000000347,142
9011010000200000,6,100002000150000001,,,0,1100000000000000347,150
9011010000200000,6,100002000158000001,,,0,1100000000000000346,158
9011010000200000,6,100002000170000001,,,0,1100000000000000346,170
9011010000200000,5,100002000172000001,,,0,1100000000000000347,172
9011010000200000,4,100002000182000002,,,0,1100000000000000327,182
9011010000200000,25,100002000184000001,,,0,1100000000000000346,184
9011010000200000,7,100002000194000001,,,0,1100000000000000347,194
9011010000200000,25,100002000202000001,,,0,1100000000000000346,202
9011010000200000,7,100002000214000001,,,0,1100000000000000346,214
9011010000200000,22,100002000906000002,,,0,1100000000000000345,906
9011010000200000,21,100002000008000003,,,0,1100000000000000354,8
9011010000200000,16,100002000010000002,,,0,1100000000000000354,10
9011010000200000,15,100002000012000001,,,0,1100000000000000352,12
9011010000200000,32,100002000012000002,,,0,1100000000000000352,12
9011010000200000,14,100002000022000002,,,0,1100000000000000354,22
9011010000200000,16,100002000028000001,,,0,1100000000000000354,28
9011010000200000,9,100002000028000003,,,0,1100000000000000354,28
9011010000200000,13,100002000030000001,,,0,1100000000000000348,30
9011010000200000,14,100002000034000002,,,0,1100000000000000354,34
9011010000200000,2,100002000036000001,,,0,1100000000000000354,36
9011010000200000,15,100002000038000002,,,0,1100000000000000353,38
9011010000200000,10,100002000044000001,,,0,1100000000000000354,44
9011010000200000,28,100002000052000002,,,0,1100000000000000355,52
9011010000200000,18,100002000052000003,,,0,1100000000000000355,52
9011010000200000,12,100002000054000002,,,0,1100000000000000356,54
9011010000200000,17,100002000054000003,,,0,1100000000000000356,54
9011010000200000,12,100002000058000001,,,0,1100000000000000355,58
9011010000200000,14,100002000058000002,,,0,1100000000000000355,58
9011010000200000,30,100002000086000001,,,0,1100000000000000360,86
9011010000200000,15,100002000090000002,,,0,1100000000000000360,90
9011010000200000,34,100002000090000003,,,0,1100000000000000360,90
9011010000200000,20,100002000092000002,,,0,1100000000000000345,92
9011010000200000,29,100002000092000005,,,0,1100000000000000345,92
9011010000200000,22,100002000092000008,,,0,1100000000000000345,92
9011010000200000,28,100002000094000001,,,0,1100000000000000345,94
9011010000200000,14,100002000096000001,,,0,1100000000000000344,96
9011010000200000,20,100002000098000004,,,0,1100000000000000345,98
9011010000200000,29,100002000098000008,,,0,1100000000000000345,98
9011010000200000,18,100002000100000002,,,0,1100000000000000344,100
9011010000200000,12,100002000102000002,,,0,1100000000000000345,102
9011010000200000,17,100002000104000002,,,0,1100000000000000345,104
9011010000200000,23,100002000104000003,,,0,1100000000000000345,104
9011010000200000,20,100002000104000004,,,0,1100000000000000345,104
9011010000200000,29,100002000104000006,,,0,1100000000000000345,104
9011010000200000,21,100002000104000007,,,0,1100000000000000345,104
9011010000200000,22,100002000104000008,,,0,1100000000000000345,104
9011010000200000,18,100002000114000001,,,0,1100000000000000358,114
9011010000200000,18,100002000118000001,,,0,1100000000000000326,118
9011010000200000,17,100002000118000002,,,0,1100000000000000326,118
9011010000200000,5,100002000126000002,,,0,1100000000000000346,126
9011010000200000,6,100002000130000001,,,0,1100000000000000346,130
9011010000200000,4,100002000132000002,,,0,1100000000000000346,132
9011010000200000,4,100002000142000002,,,0,1100000000000000347,142
9011010000200000,6,100002000154000001,,,0,1100000000000000346,154
9011010000200000,5,100002000156000001,,,0,1100000000000000346,156
9011010000200000,4,100002000156000002,,,0,1100000000000000346,156
9011010000200000,6,100002000160000001,,,0,1100000000000000346,160
9011010000200000,4,100002000172000002,,,0,1100000000000000347,172
9011010000200000,5,100002000174000001,,,0,1100000000000000349,174
9011010000200000,4,100002000174000002,,,0,1100000000000000349,174
9011010000200000,6,100002000176000001,,,0,1100000000000000327,176
9011010000200000,4,100002000180000001,,,0,1100000000000000327,180
9011010000200000,5,100002000180000002,,,0,1100000000000000327,180
9011010000200000,24,100002000184000002,,,0,1100000000000000346,184
9011010000200000,7,100002000190000001,,,0,1100000000000000346,190
9011010000200000,7,100002000192000001,,,0,1100000000000000346,192
9011010000200000,7,100002000208000001,,,0,1100000000000000347,208
9011010000200000,8,100002000216000001,,,0,1100000000000000349,216
9011010000200000,8,100002000220000001,,,0,1100000000000000327,220
9011010000200000,8,100002000222000001,,,0,1100000000000000327,222
9011010000200000,17,100002000906000001,,,0,1100000000000000345,906
9011010000200000,17,100002000994000001,,,0,1100000000000000345,994
9011010000300000,3,100003000003000001,,,1,1100000000000000486,3
9011010000300000,2,100003000005000001,,,1,1100000000000000510,5
9011010000300000,1,100003000033000002,,,1,1100000000000000486,33
9011010000300000,2,100003000045000001,,,1,1100000000000000486,45
9011010000300000,3,100003000047000002,,,1,1100000000000000486,47
9011010000300000,1,100003000049000001,,,1,1100000000000000486,49
9011010000300000,3,100003000049000002,,,1,1100000000000000486,49
9011010000300000,1,100003000053000002,,,1,1100000000000000486,53
9011010000300000,3,100003000055000001,,,1,1100000000000000486,55
9011010000300000,3,100003000057000002,,,1,1100000000000000486,57
9011010000300000,1,100003000061000002,,,1,1100000000000000486,61
9011010000300000,3,100003000063000001,,,1,1100000000000000486,63
9011010000300000,9,100003000069000001,,,1,1100000000000000486,69
9011010000300000,2,100003000073000001,,,1,1100000000000000486,73
9011010000300000,3,100003000075000001,,,1,1100000000000000486,75
9011010000300000,1,100003000075000002,,,1,1100000000000000486,75
9011010000300000,2,100003000079000001,,,1,1100000000000000486,79
9011010000300000,1,100003000081000002,,,1,1100000000000000486,81
9011010000300000,10,100003000083000002,,,1,1100000000000000489,83
9011010000300000,1,100003000087000001,,,1,1100000000000000489,87
9011010000300000,3,100003000087000002,,,1,1100000000000000489,87
9011010000300000,3,100003000089000001,,,1,1100000000000000489,89
9011010000300000,1,100003000089000002,,,1,1100000000000000489,89
9011010000300000,3,100003000091000001,,,1,1100000000000000489,91
9011010000300000,1,100003000097000001,,,1,1100000000000000483,97
9011010000300000,3,100003000099000002,,,1,1100000000000000483,99
9011010000300000,2,100003000101000001,,,1,1100000000000000490,101
9011010000300000,1,100003000103000002,,,1,1100000000000000491,103
9011010000300000,4,100003000113000001,,,1,1100000000000000487,113
9011010000300000,6,100003000117000001,,,1,1100000000000000482,117
9011010000300000,6,100003000119000001,,,1,1100000000000000481,119
9011010000300000,5,100003000123000002,,,1,1100000000000000481,123
9011010000300000,5,100003000133000002,,,1,1100000000000000481,133
9011010000300000,6,100003000141000001,,,1,1100000000000000489,141
9011010000300000,5,100003000143000001,,,1,1100000000000000489,143
9011010000300000,4,100003000143000002,,,1,1100000000000000489,143
9011010000300000,6,100003000145000001,,,1,1100000000000000489,145
9011010000300000,6,100003000155000001,,,1,1100000000000000482,155
9011010000300000,6,100003000157000001,,,1,1100000000000000482,157
9011010000300000,4,100003000165000001,,,1,1100000000000000487,165
9011010000300000,5,100003000165000002,,,1,1100000000000000487,165
9011010000300000,4,100003000167000001,,,1,1100000000000000487,167
9011010000300000,25,100003000179000001,,,1,1100000000000000491,179
9011010000300000,7,100003000181000001,,,1,1100000000000000479,181
9011010000300000,7,100003000183000001,,,1,1100000000000000479,183
9011010000300000,7,100003000199000001,,,1,1100000000000000480,199
9011010000300000,3,100003000507000001,,,1,1100000000000000511,507
9011010000300000,1,100003000511000002,,,1,1100000000000000512,511
9011010000300000,3,100003000519000002,,,1,1100000000000000492,519
9011010000300000,3,100003000523000001,,,1,1100000000000000514,523
9011010000300000,1,100003000523000002,,,1,1100000000000000514,523
9011010000300000,1,100003000527000001,,,1,1100000000000000517,527
9011010000300000,2,100003000017000001,,,1,1100000000000000515,17
9011010000300000,10,100003000021000002,,,1,1100000000000000518,21
9011010000300000,3,100003000029000001,,,1,1100000000000000486,29
9011010000300000,2,100003000031000001,,,1,1100000000000000486,31
9011010000300000,3,100003000035000002,,,1,1100000000000000486,35
9011010000300000,1,100003000041000002,,,1,1100000000000000486,41
9011010000300000,1,100003000043000001,,,1,1100000000000000486,43
9011010000300000,1,100003000055000002,,,1,1100000000000000486,55
9011010000300000,2,100003000059000001,,,1,1100000000000000486,59
9011010000300000,9,100003000083000001,,,1,1100000000000000489,83
9011010000300000,1,100003000091000002,,,1,1100000000000000489,91
9011010000300000,9,100003000093000001,,,1,1100000000000000489,93
9011010000300000,3,100003000097000002,,,1,1100000000000000483,97
9011010000300000,1,100003000099000001,,,1,1100000000000000483,99
9011010000300000,2,100003000105000001,,,1,1100000000000000491,105
9011010000300000,4,100003000115000001,,,1,1100000000000000487,115
9011010000300000,5,100003000115000002,,,1,1100000000000000487,115
9011010000300000,6,100003000125000001,,,1,1100000000000000481,125
9011010000300000,6,100003000129000001,,,1,1100000000000000481,129
9011010000300000,6,100003000147000001,,,1,1100000000000000489,147
9011010000300000,6,100003000149000001,,,1,1100000000000000489,149
9011010000300000,5,100003000159000002,,,1,1100000000000000482,159
9011010000300000,4,100003000169000002,,,1,1100000000000000487,169
9011010000300000,7,100003000191000001,,,1,1100000000000000479,191
9011010000300000,7,100003000197000001,,,1,1100000000000000479,197
9011010000300000,7,100003000207000001,,,1,1100000000000000491,207
9011010000300000,8,100003000209000001,,,1,1100000000000000491,209
9011010000300000,3,100003000511000001,,,1,1100000000000000512,511
9011010000300000,3,100003000527000002,,,1,1100000000000000517,527
9011010000300000,1,100003000001000001,,,1,1100000000000000485,1
9011010000300000,1,100003000003000002,,,1,1100000000000000486,3
9011010000300000,9,100003000021000001,,,1,1100000000000000518,21
9011010000300000,3,100003000025000001,,,1,1100000000000000488,25
9011010000300000,1,100003000025000002,,,1,1100000000000000488,25
9011010000300000,1,100003000029000002,,,1,1100000000000000486,29
9011010000300000,3,100003000043000002,,,1,1100000000000000486,43
9011010000300000,3,100003000053000001,,,1,1100000000000000486,53
9011010000300000,1,100003000057000001,,,1,1100000000000000486,57
9011010000300000,1,100003000063000002,,,1,1100000000000000486,63
9011010000300000,2,100003000065000001,,,1,1100000000000000486,65
9011010000300000,3,100003000067000001,,,1,1100000000000000486,67
9011010000300000,1,100003000067000002,,,1,1100000000000000486,67
9011010000300000,10,100003000069000002,,,1,1100000000000000486,69
9011010000300000,3,100003000077000001,,,1,1100000000000000486,77
9011010000300000,3,100003000085000001,,,1,1100000000000000489,85
9011010000300000,3,100003000095000001,,,1,1100000000000000489,95
9011010000300000,6,100003000111000001,,,1,1100000000000000491,111
9011010000300000,5,100003000113000002,,,1,1100000000000000487,113
9011010000300000,4,100003000123000001,,,1,1100000000000000481,123
9011010000300000,6,100003000137000001,,,1,1100000000000000481,137
9011010000300000,6,100003000151000001,,,1,1100000000000000481,151
9011010000300000,6,100003000153000001,,,1,1100000000000000482,153
9011010000300000,5,100003000169000001,,,1,1100000000000000487,169
9011010000300000,6,100003000171000001,,,1,1100000000000000487,171
9011010000300000,7,100003000175000001,,,1,1100000000000000491,175
9011010000300000,24,100003000179000002,,,1,1100000000000000491,179
9011010000300000,7,100003000185000001,,,1,1100000000000000479,185
9011010000300000,7,100003000187000001,,,1,1100000000000000479,187
9011010000300000,7,100003000195000001,,,1,1100000000000000479,195
9011010000300000,7,100003000201000001,,,1,1100000000000000480,201
9011010000300000,7,100003000203000001,,,1,1100000000000000480,203
9011010000300000,8,100003000211000001,,,1,1100000000000000484,211
9011010000300000,3,100003000515000001,,,1,1100000000000000514,515
9011010000300000,3,100003000001000002,,,1,1100000000000000485,1
9011010000300000,1,100003000009000001,,,1,1100000000000000516,9
9011010000300000,3,100003000009000002,,,1,1100000000000000516,9
9011010000300000,3,100003000013000001,,,1,1100000000000000513,13
9011010000300000,1,100003000013000002,,,1,1100000000000000513,13
9011010000300000,3,100003000033000001,,,1,1100000000000000486,33
9011010000300000,1,100003000035000001,,,1,1100000000000000486,35
9011010000300000,2,100003000037000001,,,1,1100000000000000486,37
9011010000300000,3,100003000039000001,,,1,1100000000000000486,39
9011010000300000,1,100003000039000002,,,1,1100000000000000486,39
9011010000300000,3,100003000041000001,,,1,1100000000000000486,41
9011010000300000,1,100003000047000001,,,1,1100000000000000486,47
9011010000300000,2,100003000051000001,,,1,1100000000000000486,51
9011010000300000,3,100003000061000001,,,1,1100000000000000486,61
9011010000300000,3,100003000071000001,,,1,1100000000000000486,71
9011010000300000,1,100003000071000002,,,1,1100000000000000486,71
9011010000300000,1,100003000077000002,,,1,1100000000000000486,77
9011010000300000,3,100003000081000001,,,1,1100000000000000486,81
9011010000300000,1,100003000085000002,,,1,1100000000000000489,85
9011010000300000,10,100003000093000002,,,1,1100000000000000489,93
9011010000300000,1,100003000095000002,,,1,1100000000000000489,95
9011010000300000,3,100003000103000001,,,1,1100000000000000491,103
9011010000300000,3,100003000107000001,,,1,1100000000000000491,107
9011010000300000,3,100003000109000001,,,1,1100000000000000484,109
9011010000300000,6,100003000121000001,,,1,1100000000000000481,121
9011010000300000,6,100003000127000001,,,1,1100000000000000481,127
9011010000300000,6,100003000131000001,,,1,1100000000000000481,131
9011010000300000,4,100003000133000001,,,1,1100000000000000481,133
9011010000300000,6,100003000135000001,,,1,1100000000000000481,135
9011010000300000,6,100003000139000001,,,1,1100000000000000481,139
9011010000300000,4,100003000159000001,,,1,1100000000000000482,159
9011010000300000,6,100003000161000001,,,1,1100000000000000482,161
9011010000300000,6,100003000163000001,,,1,1100000000000000487,163
9011010000300000,5,100003000167000002,,,1,1100000000000000487,167
9011010000300000,6,100003000173000001,,,1,1100000000000000484,173
9011010000300000,7,100003000177000001,,,1,1100000000000000491,177
9011010000300000,7,100003000189000001,,,1,1100000000000000479,189
9011010000300000,24,100003000193000001,,,1,1100000000000000479,193
9011010000300000,25,100003000193000002,,,1,1100000000000000479,193
9011010000300000,7,100003000205000001,,,1,1100000000000000491,205
9011010000300000,1,100003000507000002,,,1,1100000000000000511,507
9011010000300000,1,100003000515000002,,,1,1100000000000000514,515
9011010000300000,1,100003000519000001,,,1,1100000000000000492,519
9011010000300000,3,100003000002000001,,,0,1100000000000000493,2
9011010000300000,1,100003000002000002,,,0,1100000000000000493,2
9011010000300000,3,100003000006000002,,,0,1100000000000000494,6
9011010000300000,3,100003000012000001,,,0,1100000000000000494,12
9011010000300000,2,100003000016000001,,,0,1100000000000000496,16
9011010000300000,1,100003000020000002,,,0,1100000000000000494,20
9011010000300000,1,100003000028000002,,,0,1100000000000000494,28
9011010000300000,2,100003000044000001,,,0,1100000000000000508,44
9011010000300000,2,100003000050000001,,,0,1100000000000000499,50
9011010000300000,1,100003000066000002,,,0,1100000000000000498,66
9011010000300000,10,100003000080000001,,,0,1100000000000000499,80
9011010000300000,3,100003000084000002,,,0,1100000000000000494,84
9011010000300000,10,100003000096000002,,,0,1100000000000000497,96
9011010000300000,1,100003000100000001,,,0,1100000000000000497,100
9011010000300000,3,100003000104000001,,,0,1100000000000000497,104
9011010000300000,1,100003000112000002,,,0,1100000000000000507,112
9011010000300000,2,100003000114000001,,,0,1100000000000000506,114
9011010000300000,3,100003000118000001,,,0,1100000000000000506,118
9011010000300000,3,100003000120000001,,,0,1100000000000000506,120
9011010000300000,3,100003000122000001,,,0,1100000000000000506,122
9011010000300000,5,100003000124000001,,,0,1100000000000000500,124
9011010000300000,4,100003000124000002,,,0,1100000000000000500,124
9011010000300000,6,100003000136000001,,,0,1100000000000000502,136
9011010000300000,6,100003000144000001,,,0,1100000000000000502,144
9011010000300000,6,100003000152000001,,,0,1100000000000000502,152
9011010000300000,4,100003000160000001,,,0,1100000000000000497,160
9011010000300000,5,100003000172000001,,,0,1100000000000000497,172
9011010000300000,5,100003000174000001,,,0,1100000000000000497,174
9011010000300000,6,100003000176000001,,,0,1100000000000000497,176
9011010000300000,6,100003000178000001,,,0,1100000000000000497,178
9011010000300000,6,100003000180000001,,,0,1100000000000000500,180
9011010000300000,6,100003000184000001,,,0,1100000000000000500,184
9011010000300000,7,100003000190000001,,,0,1100000000000000500,190
9011010000300000,7,100003000192000001,,,0,1100000000000000500,192
9011010000300000,7,100003000196000001,,,0,1100000000000000500,196
9011010000300000,25,100003000202000001,,,0,1100000000000000504,202
9011010000300000,24,100003000202000002,,,0,1100000000000000504,202
9011010000300000,7,100003000222000001,,,0,1100000000000000497,222
9011010000300000,8,100003000230000001,,,0,1100000000000000500,230
9011010000300000,3,100003000556000001,,,0,1100000000000000509,556
9011010000300000,1,100003000006000001,,,0,1100000000000000494,6
9011010000300000,10,100003000010000002,,,0,1100000000000000494,10
9011010000300000,3,100003000014000001,,,0,1100000000000000495,14
9011010000300000,2,100003000022000001,,,0,1100000000000000494,22
9011010000300000,2,100003000030000001,,,0,1100000000000000494,30
9011010000300000,2,100003000036000001,,,0,1100000000000000494,36
9011010000300000,1,100003000038000002,,,0,1100000000000000494,38
9011010000300000,1,100003000040000002,,,0,1100000000000000494,40
9011010000300000,1,100003000042000002,,,0,1100000000000000494,42
9011010000300000,3,100003000048000001,,,0,1100000000000000508,48
9011010000300000,3,100003000058000002,,,0,1100000000000000498,58
9011010000300000,1,100003000084000001,,,0,1100000000000000494,84
9011010000300000,1,100003000092000002,,,0,1100000000000000494,92
9011010000300000,2,100003000094000001,,,0,1100000000000000494,94
9011010000300000,9,100003000096000001,,,0,1100000000000000497,96
9011010000300000,1,100003000098000001,,,0,1100000000000000497,98
9011010000300000,3,100003000098000002,,,0,1100000000000000497,98
9011010000300000,3,100003000102000001,,,0,1100000000000000497,102
9011010000300000,2,100003000106000001,,,0,1100000000000000497,106
9011010000300000,1,100003000108000002,,,0,1100000000000000497,108
9011010000300000,3,100003000112000001,,,0,1100000000000000507,112
9011010000300000,6,100003000132000001,,,0,1100000000000000502,132
9011010000300000,6,100003000134000001,,,0,1100000000000000502,134
9011010000300000,6,100003000138000001,,,0,1100000000000000502,138
9011010000300000,4,100003000140000001,,,0,1100000000000000502,140
9011010000300000,6,100003000146000001,,,0,1100000000000000502,146
9011010000300000,6,100003000148000001,,,0,1100000000000000502,148
9011010000300000,4,100003000150000002,,,0,1100000000000000502,150
9011010000300000,6,100003000154000001,,,0,1100000000000000502,154
9011010000300000,6,100003000156000001,,,0,1100000000000000497,156
9011010000300000,6,100003000170000001,,,0,1100000000000000497,170
9011010000300000,4,100003000172000002,,,0,1100000000000000497,172
9011010000300000,4,100003000174000002,,,0,1100000000000000497,174
9011010000300000,7,100003000200000001,,,0,1100000000000000504,200
9011010000300000,3,100003000564000002,,,0,1100000000000000505,564
9011010000300000,3,100003000568000001,,,0,1100000000000000505,568
9011010000300000,1,100003000004000002,,,0,1100000000000000494,4
9011010000300000,9,100003000010000001,,,0,1100000000000000494,10
9011010000300000,1,100003000012000002,,,0,1100000000000000494,12
9011010000300000,1,100003000014000002,,,0,1100000000000000495,14
9011010000300000,3,100003000018000001,,,0,1100000000000000494,18
9011010000300000,1,100003000018000002,,,0,1100000000000000494,18
9011010000300000,3,100003000020000001,,,0,1100000000000000494,20
9011010000300000,3,100003000026000001,,,0,1100000000000000494,26
9011010000300000,1,100003000026000002,,,0,1100000000000000494,26
9011010000300000,1,100003000032000001,,,0,1100000000000000494,32
9011010000300000,3,100003000032000002,,,0,1100000000000000494,32
9011010000300000,1,100003000034000001,,,0,1100000000000000494,34
9011010000300000,3,100003000042000001,,,0,1100000000000000494,42
9011010000300000,3,100003000046000001,,,0,1100000000000000508,46
9011010000300000,1,100003000048000002,,,0,1100000000000000508,48
9011010000300000,1,100003000052000002,,,0,1100000000000000499,52
9011010000300000,10,100003000054000001,,,0,1100000000000000499,54
9011010000300000,1,100003000058000001,,,0,1100000000000000498,58
9011010000300000,2,100003000062000001,,,0,1100000000000000498,62
9011010000300000,3,100003000066000001,,,0,1100000000000000498,66
9011010000300000,3,100003000070000001,,,0,1100000000000000498,70
9011010000300000,1,100003000070000002,,,0,1100000000000000498,70
9011010000300000,2,100003000074000001,,,0,1100000000000000498,74
9011010000300000,3,100003000078000001,,,0,1100000000000000498,78
9011010000300000,9,100003000080000002,,,0,1100000000000000499,80
9011010000300000,1,100003000088000001,,,0,1100000000000000494,88
9011010000300000,3,100003000088000002,,,0,1100000000000000494,88
9011010000300000,3,100003000092000001,,,0,1100000000000000494,92
9011010000300000,1,100003000104000002,,,0,1100000000000000497,104
9011010000300000,3,100003000108000001,,,0,1100000000000000497,108
9011010000300000,2,100003000110000001,,,0,1100000000000000507,110
9011010000300000,6,100003000126000001,,,0,1100000000000000500,126
9011010000300000,6,100003000128000001,,,0,1100000000000000500,128
9011010000300000,6,100003000130000001,,,0,1100000000000000501,130
9011010000300000,5,100003000140000002,,,0,1100000000000000502,140
9011010000300000,5,100003000150000001,,,0,1100000000000000502,150
9011010000300000,6,100003000158000001,,,0,1100000000000000497,158
9011010000300000,6,100003000162000001,,,0,1100000000000000497,162
9011010000300000,6,100003000164000001,,,0,1100000000000000497,164
9011010000300000,5,100003000182000001,,,0,1100000000000000501,182
9011010000300000,4,100003000182000002,,,0,1100000000000000501,182
9011010000300000,6,100003000188000001,,,0,1100000000000000503,188
9011010000300000,7,100003000194000001,,,0,1100000000000000500,194
9011010000300000,7,100003000198000001,,,0,1100000000000000497,198
9011010000300000,7,100003000204000001,,,0,1100000000000000504,204
9011010000300000,7,100003000206000001,,,0,1100000000000000504,206
9011010000300000,7,100003000212000001,,,0,1100000000000000504,212
9011010000300000,7,100003000214000001,,,0,1100000000000000504,214
9011010000300000,7,100003000216000001,,,0,1100000000000000504,216
9011010000300000,24,100003000218000002,,,0,1100000000000000504,218
9011010000300000,7,100003000220000001,,,0,1100000000000000504,220
9011010000300000,8,100003000226000001,,,0,1100000000000000500,226
9011010000300000,8,100003000228000001,,,0,1100000000000000500,228
9011010000300000,8,100003000232000001,,,0,1100000000000000500,232
9011010000300000,1,100003000564000001,,,0,1100000000000000505,564
9011010000300000,1,100003000568000002,,,0,1100000000000000505,568
9011010000300000,3,100003000572000001,,,0,1100000000000000505,572
9011010000300000,1,100003000572000002,,,0,1100000000000000505,572
9011010000300000,2,100003000576000001,,,0,1100000000000000505,576
9011010000300000,3,100003000004000001,,,0,1100000000000000494,4
9011010000300000,2,100003000008000001,,,0,1100000000000000494,8
9011010000300000,9,100003000024000001,,,0,1100000000000000494,24
9011010000300000,10,100003000024000002,,,0,1100000000000000494,24
9011010000300000,3,100003000028000001,,,0,1100000000000000494,28
9011010000300000,3,100003000034000002,,,0,1100000000000000494,34
9011010000300000,3,100003000038000001,,,0,1100000000000000494,38
9011010000300000,3,100003000040000001,,,0,1100000000000000494,40
9011010000300000,1,100003000046000002,,,0,1100000000000000508,46
9011010000300000,3,100003000052000001,,,0,1100000000000000499,52
9011010000300000,9,100003000054000002,,,0,1100000000000000499,54
9011010000300000,1,100003000078000002,,,0,1100000000000000498,78
9011010000300000,3,100003000100000002,,,0,1100000000000000497,100
9011010000300000,1,100003000102000002,,,0,1100000000000000497,102
9011010000300000,3,100003000116000001,,,0,1100000000000000506,116
9011010000300000,6,100003000142000001,,,0,1100000000000000502,142
9011010000300000,5,100003000160000002,,,0,1100000000000000497,160
9011010000300000,6,100003000166000001,,,0,1100000000000000497,166
9011010000300000,6,100003000168000001,,,0,1100000000000000497,168
9011010000300000,6,100003000186000001,,,0,1100000000000000500,186
9011010000300000,7,100003000208000001,,,0,1100000000000000504,208
9011010000300000,7,100003000210000001,,,0,1100000000000000504,210
9011010000300000,25,100003000218000001,,,0,1100000000000000504,218
9011010000300000,7,100003000224000001,,,0,1100000000000000500,224
9011010000300000,1,100003000556000002,,,0,1100000000000000509,556
9011010000300000,3,100003000560000001,,,0,1100000000000000509,560
9011010000300000,1,100003000560000002,,,0,1100000000000000509,560
9011010000400000,29,100004000001000004,,,1,1100000000000000550,1
9011010000400000,19,100004000001000005,,,1,1100000000000000550,1
9011010000400000,11,100004000001000006,,,1,1100000000000000550,1
9011010000400000,3,100004000003000001,,,1,1100000000000000549,3
9011010000400000,16,100004000023000003,,,1,1100000000000000546,23
9011010000400000,27,100004000025000002,,,1,1100000000000000546,25
9011010000400000,12,100004000031000002,,,1,1100000000000000546,31
9011010000400000,32,100004000051000002,,,1,1100000000000000546,51
9011010000400000,36,100004000055000001,,,1,1100000000000000546,55
9011010000400000,9,100004000057000001,,,1,1100000000000000546,57
9011010000400000,16,100004000057000003,,,1,1100000000000000546,57
9011010000400000,22,100004000063000004,,,1,1100000000000000546,63
9011010000400000,2,100004000071000001,,,1,1100000000000000546,71
9011010000400000,30,100004000073000002,,,1,1100000000000000546,73
9011010000400000,11,100004000077000001,,,1,1100000000000000546,77
9011010000400000,29,100004000077000008,,,1,1100000000000000546,77
9011010000400000,28,100004000085000004,,,1,1100000000000000544,85
9011010000400000,12,100004000089000001,,,1,1100000000000000543,89
9011010000400000,11,100004000097000001,,,1,1100000000000000543,97
9011010000400000,34,100004000097000003,,,1,1100000000000000543,97
9011010000400000,3,100004000099000001,,,1,1100000000000000541,99
9011010000400000,5,100004000103000002,,,1,1100000000000000542,103
9011010000400000,4,100004000111000001,,,1,1100000000000000541,111
9011010000400000,4,100004000115000001,,,1,1100000000000000541,115
9011010000400000,4,100004000125000001,,,1,1100000000000000541,125
9011010000400000,5,100004000125000002,,,1,1100000000000000541,125
9011010000400000,6,100004000133000001,,,1,1100000000000000541,133
9011010000400000,6,100004000137000001,,,1,1100000000000000541,137
9011010000400000,6,100004000151000001,,,1,1100000000000000543,151
9011010000400000,6,100004000153000001,,,1,1100000000000000541,153
9011010000400000,25,100004000169000001,,,1,1100000000000000541,169
9011010000400000,24,100004000169000002,,,1,1100000000000000541,169
9011010000400000,7,100004000177000001,,,1,1100000000000000541,177
9011010000400000,7,100004000181000001,,,1,1100000000000000541,181
9011010000400000,7,100004000185000001,,,1,1100000000000000541,185
9011010000400000,7,100004000187000001,,,1,1100000000000000541,187
9011010000400000,14,100004000015000001,,,1,1100000000000000547,15
9011010000400000,12,100004000015000002,,,1,1100000000000000547,15
9011010000400000,9,100004000023000001,,,1,1100000000000000546,23
9011010000400000,14,100004000023000002,,,1,1100000000000000546,23
9011010000400000,2,100004000033000001,,,1,1100000000000000546,33
9011010000400000,14,100004000037000002,,,1,1100000000000000546,37
9011010000400000,32,100004000041000002,,,1,1100000000000000546,41
9011010000400000,2,100004000043000001,,,1,1100000000000000546,43
9011010000400000,12,100004000047000001,,,1,1100000000000000546,47
9011010000400000,2,100004000061000001,,,1,1100000000000000546,61
9011010000400000,28,100004000063000002,,,1,1100000000000000546,63
9011010000400000,10,100004000067000002,,,1,1100000000000000546,67
9011010000400000,9,100004000069000002,,,1,1100000000000000546,69
9011010000400000,16,100004000075000002,,,1,1100000000000000546,75
9011010000400000,9,100004000075000003,,,1,1100000000000000546,75
9011010000400000,14,100004000081000001,,,1,1100000000000000546,81
9011010000400000,26,100004000083000001,,,1,1100000000000000545,83
9011010000400000,1,100004000083000003,,,1,1100000000000000545,83
9011010000400000,17,100004000085000001,,,1,1100000000000000544,85
9011010000400000,18,100004000085000003,,,1,1100000000000000544,85
9011010000400000,14,100004000087000002,,,1,1100000000000000543,87
9011010000400000,34,100004000091000004,,,1,1100000000000000543,91
9011010000400000,15,100004000097000002,,,1,1100000000000000543,97
9011010000400000,4,100004000103000001,,,1,1100000000000000542,103
9011010000400000,6,100004000109000001,,,1,1100000000000000542,109
9011010000400000,5,100004000111000002,,,1,1100000000000000541,111
9011010000400000,6,100004000113000001,,,1,1100000000000000541,113
9011010000400000,5,100004000117000001,,,1,1100000000000000541,117
9011010000400000,5,100004000119000002,,,1,1100000000000000541,119
9011010000400000,6,100004000121000001,,,1,1100000000000000541,121
9011010000400000,6,100004000123000001,,,1,1100000000000000541,123
9011010000400000,5,100004000129000001,,,1,1100000000000000541,129
9011010000400000,6,100004000141000001,,,1,1100000000000000541,141
9011010000400000,5,100004000143000002,,,1,1100000000000000541,143
9011010000400000,6,100004000145000001,,,1,1100000000000000541,145
9011010000400000,4,100004000155000001,,,1,1100000000000000541,155
9011010000400000,5,100004000155000002,,,1,1100000000000000541,155
9011010000400000,7,100004000165000001,,,1,1100000000000000541,165
9011010000400000,7,100004000171000001,,,1,1100000000000000541,171
9011010000400000,25,100004000183000001,,,1,1100000000000000541,183
9011010000400000,7,100004000191000001,,,1,1100000000000000541,191
9011010000400000,22,100004000979000002,,,1,1100000000000000546,979
9011010000400000,35,100004000001000001,,,1,1100000000000000550,1
9011010000400000,21,100004000001000003,,,1,1100000000000000550,1
9011010000400000,1,100004000003000002,,,1,1100000000000000549,3
9011010000400000,14,100004000019000002,,,1,1100000000000000561,19
9011010000400000,14,100004000031000001,,,1,1100000000000000546,31
9011010000400000,9,100004000035000001,,,1,1100000000000000546,35
9011010000400000,16,100004000035000003,,,1,1100000000000000546,35
9011010000400000,12,100004000037000001,,,1,1100000000000000546,37
9011010000400000,15,100004000041000001,,,1,1100000000000000546,41
9011010000400000,2,100004000049000001,,,1,1100000000000000546,49
9011010000400000,37,100004000055000002,,,1,1100000000000000546,55
9011010000400000,14,100004000057000002,,,1,1100000000000000546,57
9011010000400000,12,100004000059000001,,,1,1100000000000000546,59
9011010000400000,14,100004000059000002,,,1,1100000000000000546,59
9011010000400000,2,100004000065000001,,,1,1100000000000000546,65
9011010000400000,9,100004000067000001,,,1,1100000000000000546,67
9011010000400000,18,100004000073000001,,,1,1100000000000000546,73
9011010000400000,14,100004000075000001,,,1,1100000000000000546,75
9011010000400000,19,100004000077000005,,,1,1100000000000000546,77
9011010000400000,21,100004000077000006,,,1,1100000000000000546,77
9011010000400000,22,100004000077000007,,,1,1100000000000000546,77
9011010000400000,28,100004000079000001,,,1,1100000000000000546,79
9011010000400000,22,100004000085000002,,,1,1100000000000000544,85
9011010000400000,12,100004000087000001,,,1,1100000000000000543,87
9011010000400000,14,100004000089000002,,,1,1100000000000000543,89
9011010000400000,14,100004000091000001,,,1,1100000000000000543,91
9011010000400000,15,100004000091000003,,,1,1100000000000000543,91
9011010000400000,1,100004000093000001,,,1,1100000000000000543,93
9011010000400000,14,100004000095000001,,,1,1100000000000000543,95
9011010000400000,38,100004000095000002,,,1,1100000000000000543,95
9011010000400000,14,100004000097000004,,,1,1100000000000000543,97
9011010000400000,3,100004000101000001,,,1,1100000000000000541,101
9011010000400000,4,100004000117000002,,,1,1100000000000000541,117
9011010000400000,4,100004000119000001,,,1,1100000000000000541,119
9011010000400000,6,100004000127000001,,,1,1100000000000000541,127
9011010000400000,6,100004000135000001,,,1,1100000000000000541,135
9011010000400000,4,100004000139000001,,,1,1100000000000000541,139
9011010000400000,4,100004000143000001,,,1,1100000000000000541,143
9011010000400000,6,100004000147000001,,,1,1100000000000000541,147
9011010000400000,6,100004000149000001,,,1,1100000000000000541,149
9011010000400000,7,100004000159000001,,,1,1100000000000000542,159
9011010000400000,25,100004000161000001,,,1,1100000000000000542,161
9011010000400000,24,100004000161000002,,,1,1100000000000000542,161
9011010000400000,7,100004000167000001,,,1,1100000000000000541,167
9011010000400000,7,100004000173000001,,,1,1100000000000000541,173
9011010000400000,7,100004000179000001,,,1,1100000000000000541,179
9011010000400000,8,100004000193000001,,,1,1100000000000000541,193
9011010000400000,23,100004000001000002,,,1,1100000000000000550,1
9011010000400000,2,100004000007000001,,,1,1100000000000000548,7
9011010000400000,2,100004000011000001,,,1,1100000000000000548,11
9011010000400000,12,100004000019000001,,,1,1100000000000000561,19
9011010000400000,13,100004000025000001,,,1,1100000000000000546,25
9011010000400000,32,100004000029000001,,,1,1100000000000000546,29
9011010000400000,15,100004000029000002,,,1,1100000000000000546,29
9011010000400000,14,100004000035000002,,,1,1100000000000000546,35
9011010000400000,2,100004000039000001,,,1,1100000000000000546,39
9011010000400000,2,100004000045000001,,,1,1100000000000000546,45
9011010000400000,14,100004000047000002,,,1,1100000000000000546,47
9011010000400000,15,100004000051000001,,,1,1100000000000000546,51
9011010000400000,10,100004000053000001,,,1,1100000000000000546,53
9011010000400000,9,100004000053000002,,,1,1100000000000000546,53
9011010000400000,39,100004000055000003,,,1,1100000000000000546,55
9011010000400000,40,100004000055000004,,,1,1100000000000000546,55
9011010000400000,18,100004000063000001,,,1,1100000000000000546,63
9011010000400000,17,100004000063000003,,,1,1100000000000000546,63
9011010000400000,10,100004000069000001,,,1,1100000000000000546,69
9011010000400000,20,100004000077000002,,,1,1100000000000000546,77
9011010000400000,23,100004000077000003,,,1,1100000000000000546,77
9011010000400000,17,100004000077000004,,,1,1100000000000000546,77
9011010000400000,18,100004000079000002,,,1,1100000000000000546,79
9011010000400000,12,100004000081000002,,,1,1100000000000000546,81
9011010000400000,11,100004000083000002,,,1,1100000000000000545,83
9011010000400000,11,100004000091000002,,,1,1100000000000000543,91
9011010000400000,3,100004000093000002,,,1,1100000000000000543,93
9011010000400000,41,100004000095000003,,,1,1100000000000000543,95
9011010000400000,1,100004000099000002,,,1,1100000000000000541,99
9011010000400000,4,100004000105000001,,,1,1100000000000000542,105
9011010000400000,5,100004000105000002,,,1,1100000000000000542,105
9011010000400000,5,100004000107000001,,,1,1100000000000000542,107
9011010000400000,4,100004000107000002,,,1,1100000000000000542,107
9011010000400000,5,100004000115000002,,,1,1100000000000000541,115
9011010000400000,4,100004000129000002,,,1,1100000000000000541,129
9011010000400000,6,100004000131000001,,,1,1100000000000000541,131
9011010000400000,5,100004000139000002,,,1,1100000000000000541,139
9011010000400000,6,100004000157000001,,,1,1100000000000000542,157
9011010000400000,7,100004000163000001,,,1,1100000000000000541,163
9011010000400000,7,100004000175000001,,,1,1100000000000000541,175
9011010000400000,24,100004000183000002,,,1,1100000000000000541,183
9011010000400000,7,100004000189000001,,,1,1100000000000000541,189
9011010000400000,8,100004000195000001,,,1,1100000000000000542,195
9011010000400000,2,100004000519000001,,,1,1100000000000000561,519
9011010000400000,17,100004000979000001,,,1,1100000000000000546,979
9011010000400000,18,100004000006000001,,,0,1100000000000000556,6
9011010000400000,30,100004000006000002,,,0,1100000000000000556,6
9011010000400000,9,100004000008000001,,,0,1100000000000000557,8
9011010000400000,14,100004000008000002,,,0,1100000000000000557,8
9011010000400000,32,100004000012000002,,,0,1100000000000000557,12
9011010000400000,2,100004000002000001,,,0,1100000000000000554,2
9011010000400000,14,100004000004000002,,,0,1100000000000000555,4
9011010000400000,15,100004000012000001,,,0,1100000000000000557,12
9011010000400000,33,100004000020000002,,,0,1100000000000000558,20
9011010000400000,14,100004000036000001,,,0,1100000000000000557,36
9011010000400000,13,100004000038000001,,,0,1100000000000000558,38
9011010000400000,27,100004000038000002,,,0,1100000000000000558,38
9011010000400000,14,100004000042000002,,,0,1100000000000000557,42
9011010000400000,2,100004000048000001,,,0,1100000000000000557,48
9011010000400000,9,100004000050000001,,,0,1100000000000000557,50
9011010000400000,32,100004000060000002,,,0,1100000000000000557,60
9011010000400000,14,100004000064000001,,,0,1100000000000000555,64
9011010000400000,9,100004000064000002,,,0,1100000000000000555,64
9011010000400000,17,100004000068000001,,,0,1100000000000000557,68
9011010000400000,19,100004000068000004,,,0,1100000000000000557,68
9011010000400000,29,100004000068000007,,,0,1100000000000000557,68
9011010000400000,27,100004000080000001,,,0,1100000000000000560,80
9011010000400000,13,100004000080000002,,,0,1100000000000000560,80
9011010000400000,12,100004000086000002,,,0,1100000000000000557,86
9011010000400000,14,100004000088000002,,,0,1100000000000000557,88
9011010000400000,10,100004000090000001,,,0,1100000000000000558,90
9011010000400000,2,100004000092000001,,,0,1100000000000000557,92
9011010000400000,14,100004000094000001,,,0,1100000000000000553,94
9011010000400000,15,100004000094000002,,,0,1100000000000000553,94
9011010000400000,3,100004000096000001,,,0,1100000000000000552,96
9011010000400000,22,100004000098000001,,,0,1100000000000000552,98
9011010000400000,4,100004000116000001,,,0,1100000000000000551,116
9011010000400000,4,100004000120000002,,,0,1100000000000000551,120
9011010000400000,5,100004000124000002,,,0,1100000000000000551,124
9011010000400000,5,100004000136000002,,,0,1100000000000000551,136
9011010000400000,4,100004000144000001,,,0,1100000000000000551,144
9011010000400000,6,100004000152000001,,,0,1100000000000000551,152
9011010000400000,6,100004000156000001,,,0,1100000000000000551,156
9011010000400000,4,100004000160000001,,,0,1100000000000000551,160
9011010000400000,6,100004000164000001,,,0,1100000000000000551,164
9011010000400000,25,100004000178000001,,,0,1100000000000000551,178
9011010000400000,7,100004000188000001,,,0,1100000000000000551,188
9011010000400000,25,100004000192000001,,,0,1100000000000000551,192
9011010000400000,7,100004000202000001,,,0,1100000000000000551,202
9011010000400000,8,100004000210000001,,,0,1100000000000000551,210
9011010000400000,12,100004000580000001,,,0,1100000000000000557,580
9011010000400000,2,100004000016000001,,,0,1100000000000000559,16
9011010000400000,9,100004000018000001,,,0,1100000000000000557,18
9011010000400000,16,100004000018000002,,,0,1100000000000000557,18
9011010000400000,2,100004000022000001,,,0,1100000000000000557,22
9011010000400000,14,100004000026000002,,,0,1100000000000000557,26
9011010000400000,15,100004000034000001,,,0,1100000000000000557,34
9011010000400000,17,100004000046000002,,,0,1100000000000000557,46
9011010000400000,18,100004000046000003,,,0,1100000000000000557,46
9011010000400000,28,100004000046000004,,,0,1100000000000000557,46
9011010000400000,10,100004000050000002,,,0,1100000000000000557,50
9011010000400000,9,100004000052000002,,,0,1100000000000000559,52
9011010000400000,2,100004000056000001,,,0,1100000000000000557,56
9011010000400000,15,100004000060000001,,,0,1100000000000000557,60
9011010000400000,11,100004000068000003,,,0,1100000000000000557,68
9011010000400000,22,100004000068000006,,,0,1100000000000000557,68
9011010000400000,22,100004000084000001,,,0,1100000000000000557,84
9011010000400000,28,100004000084000002,,,0,1100000000000000557,84
9011010000400000,14,100004000086000001,,,0,1100000000000000557,86
9011010000400000,11,100004000094000003,,,0,1100000000000000553,94
9011010000400000,34,100004000094000004,,,0,1100000000000000553,94
9011010000400000,1,100004000096000002,,,0,1100000000000000552,96
9011010000400000,18,100004000098000002,,,0,1100000000000000552,98
9011010000400000,28,100004000098000003,,,0,1100000000000000552,98
9011010000400000,38,100004000100000003,,,0,1100000000000000552,100
9011010000400000,34,100004000102000003,,,0,1100000000000000552,102
9011010000400000,3,100004000106000001,,,0,1100000000000000552,106
9011010000400000,3,100004000108000001,,,0,1100000000000000552,108
9011010000400000,3,100004000112000001,,,0,1100000000000000552,112
9011010000400000,5,100004000116000002,,,0,1100000000000000551,116
9011010000400000,6,100004000122000001,,,0,1100000000000000551,122
9011010000400000,6,100004000128000001,,,0,1100000000000000551,128
9011010000400000,6,100004000140000001,,,0,1100000000000000551,140
9011010000400000,5,100004000144000002,,,0,1100000000000000551,144
9011010000400000,6,100004000154000001,,,0,1100000000000000551,154
9011010000400000,6,100004000166000001,,,0,1100000000000000551,166
9011010000400000,6,100004000168000001,,,0,1100000000000000551,168
9011010000400000,7,100004000172000001,,,0,1100000000000000551,172
9011010000400000,7,100004000176000001,,,0,1100000000000000551,176
9011010000400000,7,100004000182000001,,,0,1100000000000000551,182
9011010000400000,7,100004000186000001,,,0,1100000000000000551,186
9011010000400000,24,100004000192000002,,,0,1100000000000000551,192
9011010000400000,7,100004000194000001,,,0,1100000000000000551,194
9011010000400000,8,100004000208000001,,,0,1100000000000000551,208
9011010000400000,17,100004000972000001,,,0,1100000000000000557,972
9011010000400000,12,100004000004000001,,,0,1100000000000000555,4
9011010000400000,14,100004000020000003,,,0,1100000000000000558,20
9011010000400000,2,100004000028000001,,,0,1100000000000000557,28
9011010000400000,14,100004000030000001,,,0,1100000000000000557,30
9011010000400000,2,100004000032000001,,,0,1100000000000000557,32
9011010000400000,9,100004000040000003,,,0,1100000000000000555,40
9011010000400000,2,100004000044000001,,,0,1100000000000000557,44
9011010000400000,23,100004000068000002,,,0,1100000000000000557,68
9011010000400000,21,100004000068000005,,,0,1100000000000000557,68
9011010000400000,18,100004000072000001,,,0,1100000000000000557,72
9011010000400000,28,100004000072000002,,,0,1100000000000000557,72
9011010000400000,14,100004000076000001,,,0,1100000000000000555,76
9011010000400000,12,100004000076000002,,,0,1100000000000000555,76
9011010000400000,18,100004000084000003,,,0,1100000000000000557,84
9011010000400000,17,100004000084000004,,,0,1100000000000000557,84
9011010000400000,15,100004000102000002,,,0,1100000000000000552,102
9011010000400000,14,100004000102000004,,,0,1100000000000000552,102
9011010000400000,1,100004000106000002,,,0,1100000000000000552,106
9011010000400000,3,100004000110000001,,,0,1100000000000000552,110
9011010000400000,3,100004000114000001,,,0,1100000000000000552,114
9011010000400000,6,100004000118000001,,,0,1100000000000000551,118
9011010000400000,4,100004000124000001,,,0,1100000000000000551,124
9011010000400000,6,100004000126000001,,,0,1100000000000000551,126
9011010000400000,5,100004000130000002,,,0,1100000000000000551,130
9011010000400000,6,100004000132000001,,,0,1100000000000000551,132
9011010000400000,4,100004000134000002,,,0,1100000000000000551,134
9011010000400000,4,100004000136000001,,,0,1100000000000000551,136
9011010000400000,6,100004000142000001,,,0,1100000000000000551,142
9011010000400000,6,100004000146000001,,,0,1100000000000000551,146
9011010000400000,4,100004000148000002,,,0,1100000000000000551,148
9011010000400000,6,100004000150000001,,,0,1100000000000000551,150
9011010000400000,6,100004000158000001,,,0,1100000000000000551,158
9011010000400000,5,100004000162000002,,,0,1100000000000000551,162
9011010000400000,6,100004000170000001,,,0,1100000000000000551,170
9011010000400000,7,100004000184000001,,,0,1100000000000000551,184
9011010000400000,7,100004000190000001,,,0,1100000000000000551,190
9011010000400000,8,100004000204000001,,,0,1100000000000000551,204
9011010000400000,8,100004000206000001,,,0,1100000000000000551,206
9011010000400000,22,100004000972000002,,,0,1100000000000000557,972
9011010000400000,16,100004000008000003,,,0,1100000000000000557,8
9011010000400000,13,100004000010000001,,,0,1100000000000000557,10
9011010000400000,27,100004000010000002,,,0,1100000000000000557,10
9011010000400000,2,100004000014000001,,,0,1100000000000000558,14
9011010000400000,14,100004000018000003,,,0,1100000000000000557,18
9011010000400000,31,100004000020000001,,,0,1100000000000000558,20
9011010000400000,20,100004000020000004,,,0,1100000000000000558,20
9011010000400000,11,100004000020000005,,,0,1100000000000000558,20
9011010000400000,15,100004000024000001,,,0,1100000000000000557,24
9011010000400000,32,100004000024000002,,,0,1100000000000000557,24
9011010000400000,12,100004000026000001,,,0,1100000000000000557,26
9011010000400000,12,100004000030000002,,,0,1100000000000000557,30
9011010000400000,32,100004000034000002,,,0,1100000000000000557,34
9011010000400000,16,100004000036000002,,,0,1100000000000000557,36
9011010000400000,9,100004000036000003,,,0,1100000000000000557,36
9011010000400000,14,100004000040000001,,,0,1100000000000000555,40
9011010000400000,16,100004000040000002,,,0,1100000000000000555,40
9011010000400000,12,100004000042000001,,,0,1100000000000000557,42
9011010000400000,22,100004000046000001,,,0,1100000000000000557,46
9011010000400000,10,100004000052000001,,,0,1100000000000000559,52
9011010000400000,16,100004000064000003,,,0,1100000000000000555,64
9011010000400000,20,100004000068000008,,,0,1100000000000000557,68
9011010000400000,12,100004000088000001,,,0,1100000000000000557,88
9011010000400000,9,100004000090000002,,,0,1100000000000000558,90
9011010000400000,17,100004000098000004,,,0,1100000000000000552,98
9011010000400000,14,100004000100000001,,,0,1100000000000000552,100
9011010000400000,41,100004000100000002,,,0,1100000000000000552,100
9011010000400000,11,100004000102000001,,,0,1100000000000000552,102
9011010000400000,3,100004000104000001,,,0,1100000000000000552,104
9011010000400000,1,100004000104000002,,,0,1100000000000000552,104
9011010000400000,5,100004000120000001,,,0,1100000000000000551,120
9011010000400000,4,100004000130000001,,,0,1100000000000000551,130
9011010000400000,5,100004000134000001,,,0,1100000000000000551,134
9011010000400000,6,100004000138000001,,,0,1100000000000000551,138
9011010000400000,5,100004000148000001,,,0,1100000000000000551,148
9011010000400000,5,100004000160000002,,,0,1100000000000000551,160
9011010000400000,4,100004000162000001,,,0,1100000000000000551,162
9011010000400000,7,100004000174000001,,,0,1100000000000000551,174
9011010000400000,24,100004000178000002,,,0,1100000000000000551,178
9011010000400000,7,100004000180000001,,,0,1100000000000000551,180
9011010000400000,7,100004000196000001,,,0,1100000000000000551,196
9011010000400000,7,100004000198000001,,,0,1100000000000000551,198
9011010000400000,7,100004000200000001,,,0,1100000000000000551,200
9011010000400000,8,100004000212000001,,,0,1100000000000000551,212
9011010000500000,30,100005000001000002,,,1,1100000000000000590,1
9011010000500000,11,100005000003000002,,,1,1100000000000000591,3
9011010000500000,21,100005000007000002,,,1,1100000000000000593,7
9011010000500000,11,100005000007000005,,,1,1100000000000000593,7
9011010000500000,16,100005000011000002,,,1,1100000000000000608,11
9011010000500000,9,100005000011000003,,,1,1100000000000000608,11
9011010000500000,17,100005000015000005,,,1,1100000000000000610,15
9011010000500000,11,100005000015000007,,,1,1100000000000000610,15
9011010000500000,2,100005000029000001,,,1,1100000000000000598,29
9011010000500000,14,100005000031000003,,,1,1100000000000000598,31
9011010000500000,13,100005000033000001,,,1,1100000000000000598,33
9011010000500000,16,100005000037000002,,,1,1100000000000000598,37
9011010000500000,32,100005000047000002,,,1,1100000000000000598,47
9011010000500000,2,100005000049000001,,,1,1100000000000000598,49
9011010000500000,15,100005000057000001,,,1,1100000000000000611,57
9011010000500000,40,100005000061000002,,,1,1100000000000000611,61
9011010000500000,9,100005000065000003,,,1,1100000000000000601,65
9011010000500000,2,100005000073000001,,,1,1100000000000000601,73
9011010000500000,17,100005000077000002,,,1,1100000000000000601,77
9011010000500000,28,100005000077000003,,,1,1100000000000000601,77
9011010000500000,10,100005000083000002,,,1,1100000000000000601,83
9011010000500000,34,100005000091000002,,,1,1100000000000000603,91
9011010000500000,11,100005000091000003,,,1,1100000000000000603,91
9011010000500000,22,100005000093000006,,,1,1100000000000000598,93
9011010000500000,18,100005000095000002,,,1,1100000000000000598,95
9011010000500000,28,100005000101000002,,,1,1100000000000000605,101
9011010000500000,12,100005000103000001,,,1,1100000000000000606,103
9011010000500000,14,100005000103000002,,,1,1100000000000000606,103
9011010000500000,14,100005000107000001,,,1,1100000000000000605,107
9011010000500000,33,100005000003000001,,,1,1100000000000000591,3
9011010000500000,31,100005000003000004,,,1,1100000000000000591,3
9011010000500000,35,100005000007000006,,,1,1100000000000000593,7
9011010000500000,20,100005000015000006,,,1,1100000000000000610,15
9011010000500000,2,100005000023000001,,,1,1100000000000000609,23
9011010000500000,16,100005000031000002,,,1,1100000000000000598,31
9011010000500000,27,100005000033000002,,,1,1100000000000000598,33
9011010000500000,32,100005000035000002,,,1,1100000000000000598,35
9011010000500000,14,100005000037000001,,,1,1100000000000000598,37
9011010000500000,14,100005000041000003,,,1,1100000000000000598,41
9011010000500000,2,100005000045000001,,,1,1100000000000000598,45
9011010000500000,2,100005000051000001,,,1,1100000000000000599,51
9011010000500000,14,100005000053000002,,,1,1100000000000000598,53
9011010000500000,36,100005000061000001,,,1,1100000000000000611,61
9011010000500000,14,100005000065000001,,,1,1100000000000000601,65
9011010000500000,14,100005000069000002,,,1,1100000000000000601,69
9011010000500000,10,100005000085000001,,,1,1100000000000000602,85
9011010000500000,30,100005000089000002,,,1,1100000000000000603,89
9011010000500000,11,100005000093000001,,,1,1100000000000000598,93
9011010000500000,21,100005000093000008,,,1,1100000000000000598,93
9011010000500000,14,100005000097000001,,,1,1100000000000000604,97
9011010000500000,1,100005000099000003,,,1,1100000000000000592,99
9011010000500000,17,100005000101000003,,,1,1100000000000000605,101
9011010000500000,14,100005000105000001,,,1,1100000000000000605,105
9011010000500000,11,100005000107000003,,,1,1100000000000000605,107
9011010000500000,15,100005000107000004,,,1,1100000000000000605,107
9011010000500000,2,100005000109000001,,,1,1100000000000000605,109
9011010000500000,1,100005000111000002,,,1,1100000000000000605,111
9011010000500000,41,100005000113000002,,,1,1100000000000000605,113
9011010000500000,11,100005000117000001,,,1,1100000000000000579,117
9011010000500000,3,100005000121000001,,,1,1100000000000000597,121
9011010000500000,18,100005000123000001,,,1,1100000000000000597,123
9011010000500000,17,100005000123000002,,,1,1100000000000000597,123
9011010000500000,11,100005000129000001,,,1,1100000000000000607,129
9011010000500000,4,100005000131000001,,,1,1100000000000000596,131
9011010000500000,5,100005000131000002,,,1,1100000000000000596,131
9011010000500000,4,100005000135000002,,,1,1100000000000000594,135
9011010000500000,6,100005000137000001,,,1,1100000000000000594,137
9011010000500000,6,100005000141000001,,,1,1100000000000000594,141
9011010000500000,4,100005000143000001,,,1,1100000000000000594,143
9011010000500000,4,100005000145000001,,,1,1100000000000000595,145
9011010000500000,6,100005000149000001,,,1,1100000000000000594,149
9011010000500000,4,100005000153000001,,,1,1100000000000000594,153
9011010000500000,6,100005000155000001,,,1,1100000000000000594,155
9011010000500000,6,100005000161000001,,,1,1100000000000000594,161
9011010000500000,6,100005000169000001,,,1,1100000000000000595,169
9011010000500000,4,100005000185000001,,,1,1100000000000000579,185
9011010000500000,5,100005000185000002,,,1,1100000000000000579,185
9011010000500000,5,100005000187000002,,,1,1100000000000000607,187
9011010000500000,7,100005000189000001,,,1,1100000000000000596,189
9011010000500000,7,100005000191000001,,,1,1100000000000000595,191
9011010000500000,7,100005000195000001,,,1,1100000000000000594,195
9011010000500000,7,100005000199000001,,,1,1100000000000000595,199
9011010000500000,7,100005000211000001,,,1,1100000000000000594,211
9011010000500000,20,100005000003000003,,,1,1100000000000000591,3
9011010000500000,23,100005000007000001,,,1,1100000000000000593,7
9011010000500000,29,100005000007000003,,,1,1100000000000000593,7
9011010000500000,21,100005000015000001,,,1,1100000000000000610,15
9011010000500000,29,100005000015000003,,,1,1100000000000000610,15
9011010000500000,23,100005000015000004,,,1,1100000000000000610,15
9011010000500000,2,100005000019000001,,,1,1100000000000000609,19
9011010000500000,14,100005000027000001,,,1,1100000000000000598,27
9011010000500000,9,100005000031000001,,,1,1100000000000000598,31
9011010000500000,15,100005000035000001,,,1,1100000000000000598,35
9011010000500000,27,100005000039000002,,,1,1100000000000000598,39
9011010000500000,14,100005000043000002,,,1,1100000000000000598,43
9011010000500000,15,100005000047000001,,,1,1100000000000000598,47
9011010000500000,12,100005000053000001,,,1,1100000000000000598,53
9011010000500000,12,100005000059000001,,,1,1100000000000000611,59
9011010000500000,14,100005000059000002,,,1,1100000000000000611,59
9011010000500000,22,100005000077000001,,,1,1100000000000000601,77
9011010000500000,2,100005000081000001,,,1,1100000000000000601,81
9011010000500000,9,100005000085000002,,,1,1100000000000000602,85
9011010000500000,18,100005000089000001,,,1,1100000000000000603,89
9011010000500000,20,100005000093000003,,,1,1100000000000000598,93
9011010000500000,19,100005000093000004,,,1,1100000000000000598,93
9011010000500000,29,100005000093000005,,,1,1100000000000000598,93
9011010000500000,17,100005000093000007,,,1,1100000000000000598,93
9011010000500000,28,100005000095000001,,,1,1100000000000000598,95
9011010000500000,22,100005000101000004,,,1,1100000000000000605,101
9011010000500000,34,100005000107000002,,,1,1100000000000000605,107
9011010000500000,3,100005000111000001,,,1,1100000000000000605,111
9011010000500000,38,100005000113000001,,,1,1100000000000000605,113
9011010000500000,3,100005000115000002,,,1,1100000000000000606,115
9011010000500000,15,100005000117000002,,,1,1100000000000000579,117
9011010000500000,34,100005000117000003,,,1,1100000000000000579,117
9011010000500000,14,100005000117000004,,,1,1100000000000000579,117
9011010000500000,1,100005000119000001,,,1,1100000000000000579,119
9011010000500000,3,100005000125000001,,,1,1100000000000000579,125
9011010000500000,17,100005000127000001,,,1,1100000000000000579,127
9011010000500000,17,100005000129000002,,,1,1100000000000000607,129
9011010000500000,6,100005000133000001,,,1,1100000000000000595,133
9011010000500000,5,100005000145000002,,,1,1100000000000000595,145
9011010000500000,6,100005000151000001,,,1,1100000000000000594,151
9011010000500000,5,100005000167000002,,,1,1100000000000000579,167
9011010000500000,4,100005000175000001,,,1,1100000000000000594,175
9011010000500000,6,100005000179000001,,,1,1100000000000000597,179
9011010000500000,4,100005000183000001,,,1,1100000000000000579,183
9011010000500000,7,100005000203000001,,,1,1100000000000000594,203
9011010000500000,7,100005000207000001,,,1,1100000000000000594,207
9011010000500000,7,100005000213000001,,,1,1100000000000000594,213
9011010000500000,7,100005000217000001,,,1,1100000000000000594,217
9011010000500000,8,100005000227000001,,,1,1100000000000000579,227
9011010000500000,2,100005000571000001,,,1,1100000000000000600,571
9011010000500000,2,100005000575000001,,,1,1100000000000000600,575
9011010000500000,22,100005000995000001,,,1,1100000000000000598,995
9011010000500000,8,100005000223000001,,,1,1100000000000000597,223
9011010000500000,17,100005000567000001,,,1,1100000000000000600,567
9011010000500000,22,100005000567000002,,,1,1100000000000000600,567
9011010000500000,12,100005000567000003,,,1,1100000000000000600,567
9011010000500000,12,100005000579000001,,,1,1100000000000000600,579
9011010000500000,14,100005000579000002,,,1,1100000000000000600,579
9011010000500000,17,100005000963000001,,,1,1100000000000000600,963
9011010000500000,17,100005000995000002,,,1,1100000000000000598,995
9011010000500000,18,100005000001000001,,,1,1100000000000000590,1
9011010000500000,14,100005000003000005,,,1,1100000000000000591,3
9011010000500000,19,100005000007000004,,,1,1100000000000000593,7
9011010000500000,14,100005000011000001,,,1,1100000000000000608,11
9011010000500000,19,100005000015000002,,,1,1100000000000000610,15
9011010000500000,22,100005000015000008,,,1,1100000000000000610,15
9011010000500000,12,100005000027000002,,,1,1100000000000000598,27
9011010000500000,9,100005000037000003,,,1,1100000000000000598,37
9011010000500000,13,100005000039000001,,,1,1100000000000000598,39
9011010000500000,9,100005000041000001,,,1,1100000000000000598,41
9011010000500000,16,100005000041000002,,,1,1100000000000000598,41
9011010000500000,12,100005000043000001,,,1,1100000000000000598,43
9011010000500000,2,100005000055000001,,,1,1100000000000000598,55
9011010000500000,20,100005000129000003,,,1,1100000000000000607,129
9011010000500000,5,100005000139000002,,,1,1100000000000000594,139
9011010000500000,5,100005000153000002,,,1,1100000000000000594,153
9011010000500000,6,100005000163000001,,,1,1100000000000000594,163
9011010000500000,6,100005000165000001,,,1,1100000000000000594,165
9011010000500000,6,100005000171000001,,,1,1100000000000000594,171
9011010000500000,6,100005000177000001,,,1,1100000000000000594,177
9011010000500000,6,100005000181000001,,,1,1100000000000000597,181
9011010000500000,5,100005000183000002,,,1,1100000000000000579,183
9011010000500000,4,100005000187000001,,,1,1100000000000000607,187
9011010000500000,7,100005000215000001,,,1,1100000000000000595,215
9011010000500000,8,100005000225000001,,,1,1100000000000000579,225
9011010000500000,8,100005000229000001,,,1,1100000000000000607,229
9011010000500000,18,100005000563000001,,,1,1100000000000000600,563
9011010000500000,32,100005000057000002,,,1,1100000000000000611,57
9011010000500000,37,100005000061000003,,,1,1100000000000000611,61
9011010000500000,39,100005000061000004,,,1,1100000000000000611,61
9011010000500000,16,100005000065000002,,,1,1100000000000000601,65
9011010000500000,12,100005000069000001,,,1,1100000000000000601,69
9011010000500000,18,100005000077000004,,,1,1100000000000000601,77
9011010000500000,9,100005000083000001,,,1,1100000000000000601,83
9011010000500000,2,100005000087000001,,,1,1100000000000000602,87
9011010000500000,14,100005000091000001,,,1,1100000000000000603,91
9011010000500000,15,100005000091000004,,,1,1100000000000000603,91
9011010000500000,23,100005000093000002,,,1,1100000000000000598,93
9011010000500000,12,100005000097000002,,,1,1100000000000000604,97
9011010000500000,26,100005000099000001,,,1,1100000000000000592,99
9011010000500000,11,100005000099000002,,,1,1100000000000000592,99
9011010000500000,18,100005000101000001,,,1,1100000000000000605,101
9011010000500000,12,100005000105000002,,,1,1100000000000000605,105
9011010000500000,14,100005000113000003,,,1,1100000000000000605,113
9011010000500000,1,100005000115000001,,,1,1100000000000000606,115
9011010000500000,20,100005000127000002,,,1,1100000000000000579,127
9011010000500000,11,100005000127000003,,,1,1100000000000000579,127
9011010000500000,5,100005000135000001,,,1,1100000000000000594,135
9011010000500000,4,100005000139000001,,,1,1100000000000000594,139
9011010000500000,5,100005000143000002,,,1,1100000000000000594,143
9011010000500000,6,100005000147000001,,,1,1100000000000000594,147
9011010000500000,4,100005000157000001,,,1,1100000000000000595,157
9011010000500000,5,100005000157000002,,,1,1100000000000000595,157
9011010000500000,6,100005000159000001,,,1,1100000000000000594,159
9011010000500000,4,100005000167000001,,,1,1100000000000000579,167
9011010000500000,6,100005000173000001,,,1,1100000000000000595,173
9011010000500000,5,100005000175000002,,,1,1100000000000000594,175
9011010000500000,7,100005000193000001,,,1,1100000000000000594,193
9011010000500000,25,100005000197000001,,,1,1100000000000000594,197
9011010000500000,24,100005000197000002,,,1,1100000000000000594,197
9011010000500000,7,100005000201000001,,,1,1100000000000000594,201
9011010000500000,7,100005000205000001,,,1,1100000000000000594,205
9011010000500000,7,100005000209000001,,,1,1100000000000000594,209
9011010000500000,8,100005000219000001,,,1,1100000000000000594,219
9011010000500000,8,100005000221000001,,,1,1100000000000000597,221
9011010000500000,29,100005000002000004,,,0,1100000000000000580,2
9011010000500000,14,100005000004000001,,,0,1100000000000000584,4
9011010000500000,16,100005000004000002,,,0,1100000000000000584,4
9011010000500000,11,100005000006000001,,,0,1100000000000000584,6
9011010000500000,17,100005000006000003,,,0,1100000000000000584,6
9011010000500000,19,100005000006000005,,,0,1100000000000000584,6
9011010000500000,21,100005000006000006,,,0,1100000000000000584,6
9011010000500000,2,100005000010000001,,,0,1100000000000000584,10
9011010000500000,9,100005000018000003,,,0,1100000000000000584,18
9011010000500000,32,100005000022000001,,,0,1100000000000000584,22
9011010000500000,15,100005000022000002,,,0,1100000000000000584,22
9011010000500000,14,100005000024000001,,,0,1100000000000000584,24
9011010000500000,14,100005000028000001,,,0,1100000000000000584,28
9011010000500000,32,100005000044000002,,,0,1100000000000000584,44
9011010000500000,37,100005000048000004,,,0,1100000000000000584,48
9011010000500000,14,100005000052000001,,,0,1100000000000000584,52
9011010000500000,2,100005000054000001,,,0,1100000000000000584,54
9011010000500000,17,100005000056000003,,,0,1100000000000000584,56
9011010000500000,9,100005000066000002,,,0,1100000000000000583,66
9011010000500000,18,100005000074000001,,,0,1100000000000000583,74
9011010000500000,30,100005000074000002,,,0,1100000000000000583,74
9011010000500000,11,100005000078000001,,,0,1100000000000000588,78
9011010000500000,12,100005000090000002,,,0,1100000000000000584,90
9011010000500000,18,100005000096000003,,,0,1100000000000000589,96
9011010000500000,15,100005000102000002,,,0,1100000000000000589,102
9011010000500000,2,100005000104000001,,,0,1100000000000000589,104
9011010000500000,3,100005000110000001,,,0,1100000000000000587,110
9011010000500000,34,100005000112000003,,,0,1100000000000000589,112
9011010000500000,14,100005000112000004,,,0,1100000000000000589,112
9011010000500000,3,100005000114000001,,,0,1100000000000000586,114
9011010000500000,11,100005000002000006,,,0,1100000000000000580,2
9011010000500000,9,100005000004000003,,,0,1100000000000000584,4
9011010000500000,20,100005000006000002,,,0,1100000000000000584,6
9011010000500000,27,100005000020000001,,,0,1100000000000000584,20
9011010000500000,13,100005000020000002,,,0,1100000000000000584,20
9011010000500000,16,100005000024000002,,,0,1100000000000000584,24
9011010000500000,9,100005000024000003,,,0,1100000000000000584,24
9011010000500000,9,100005000028000003,,,0,1100000000000000584,28
9011010000500000,14,100005000030000001,,,0,1100000000000000584,30
9011010000500000,2,100005000032000001,,,0,1100000000000000584,32
9011010000500000,15,100005000034000002,,,0,1100000000000000584,34
9011010000500000,2,100005000038000001,,,0,1100000000000000580,38
9011010000500000,14,100005000046000002,,,0,1100000000000000584,46
9011010000500000,40,100005000048000001,,,0,1100000000000000584,48
9011010000500000,14,100005000050000001,,,0,1100000000000000584,50
9011010000500000,2,100005000058000001,,,0,1100000000000000584,58
9011010000500000,9,100005000062000001,,,0,1100000000000000584,62
9011010000500000,10,100005000062000002,,,0,1100000000000000584,62
9011010000500000,15,100005000078000002,,,0,1100000000000000588,78
9011010000500000,34,100005000078000003,,,0,1100000000000000588,78
9011010000500000,14,100005000090000001,,,0,1100000000000000584,90
9011010000500000,28,100005000096000002,,,0,1100000000000000589,96
9011010000500000,14,100005000098000001,,,0,1100000000000000587,98
9011010000500000,12,100005000100000001,,,0,1100000000000000589,100
9011010000500000,14,100005000100000002,,,0,1100000000000000589,100
9011010000500000,17,100005000122000001,,,0,1100000000000000585,122
9011010000500000,11,100005000122000003,,,0,1100000000000000585,122
9011010000500000,5,100005000130000002,,,0,1100000000000000589,130
9011010000500000,6,100005000132000001,,,0,1100000000000000589,132
9011010000500000,5,100005000134000001,,,0,1100000000000000589,134
9011010000500000,4,100005000136000001,,,0,1100000000000000587,136
9011010000500000,6,100005000140000001,,,0,1100000000000000589,140
9011010000500000,4,100005000144000001,,,0,1100000000000000589,144
9011010000500000,6,100005000146000001,,,0,1100000000000000589,146
9011010000500000,5,100005000148000002,,,0,1100000000000000587,148
9011010000500000,5,100005000158000001,,,0,1100000000000000589,158
9011010000500000,4,100005000158000002,,,0,1100000000000000589,158
9011010000500000,6,100005000164000001,,,0,1100000000000000587,164
9011010000500000,5,100005000166000002,,,0,1100000000000000589,166
9011010000500000,4,100005000176000001,,,0,1100000000000000586,176
9011010000500000,7,100005000190000001,,,0,1100000000000000589,190
9011010000500000,7,100005000194000001,,,0,1100000000000000589,194
9011010000500000,7,100005000196000001,,,0,1100000000000000589,196
9011010000500000,8,100005000212000001,,,0,1100000000000000586,212
9011010000500000,8,100005000214000001,,,0,1100000000000000586,214
9011010000500000,23,100005000002000002,,,0,1100000000000000580,2
9011010000500000,21,100005000002000003,,,0,1100000000000000580,2
9011010000500000,19,100005000002000005,,,0,1100000000000000580,2
9011010000500000,29,100005000006000004,,,0,1100000000000000584,6
9011010000500000,22,100005000006000007,,,0,1100000000000000584,6
9011010000500000,23,100005000006000008,,,0,1100000000000000584,6
9011010000500000,14,100005000012000001,,,0,1100000000000000581,12
9011010000500000,2,100005000016000001,,,0,1100000000000000584,16
9011010000500000,14,100005000018000001,,,0,1100000000000000584,18
9011010000500000,27,100005000026000002,,,0,1100000000000000584,26
9011010000500000,2,100005000036000001,,,0,1100000000000000584,36
9011010000500000,14,100005000040000002,,,0,1100000000000000584,40
9011010000500000,2,100005000042000001,,,0,1100000000000000584,42
9011010000500000,15,100005000044000001,,,0,1100000000000000584,44
9011010000500000,16,100005000050000002,,,0,1100000000000000584,50
9011010000500000,9,100005000050000003,,,0,1100000000000000584,50
9011010000500000,18,100005000056000001,,,0,1100000000000000584,56
9011010000500000,14,100005000078000004,,,0,1100000000000000588,78
9011010000500000,17,100005000082000003,,,0,1100000000000000584,82
9011010000500000,23,100005000082000006,,,0,1100000000000000584,82
9011010000500000,18,100005000086000002,,,0,1100000000000000584,86
9011010000500000,11,100005000094000002,,,0,1100000000000000589,94
9011010000500000,1,100005000094000003,,,0,1100000000000000589,94
9011010000500000,22,100005000096000001,,,0,1100000000000000589,96
9011010000500000,11,100005000102000001,,,0,1100000000000000589,102
9011010000500000,34,100005000102000003,,,0,1100000000000000589,102
9011010000500000,1,100005000106000001,,,0,1100000000000000589,106
9011010000500000,14,100005000108000001,,,0,1100000000000000589,108
9011010000500000,41,100005000108000003,,,0,1100000000000000589,108
9011010000500000,18,100005000116000001,,,0,1100000000000000586,116
9011010000500000,17,100005000116000002,,,0,1100000000000000586,116
9011010000500000,3,100005000118000001,,,0,1100000000000000586,118
9011010000500000,20,100005000122000002,,,0,1100000000000000585,122
9011010000500000,4,100005000130000001,,,0,1100000000000000589,130
9011010000500000,5,100005000136000002,,,0,1100000000000000587,136
9011010000500000,6,100005000154000001,,,0,1100000000000000589,154
9011010000500000,6,100005000160000001,,,0,1100000000000000587,160
9011010000500000,4,100005000178000001,,,0,1100000000000000585,178
9011010000500000,5,100005000178000002,,,0,1100000000000000585,178
9011010000500000,7,100005000180000001,,,0,1100000000000000587,180
9011010000500000,8,100005000208000001,,,0,1100000000000000589,208
9011010000500000,17,100005000986000001,,,0,1100000000000000584,986
9011010000500000,22,100005000986000002,,,0,1100000000000000584,986
9011010000500000,8,100005000216000001,,,0,1100000000000000586,216
9011010000500000,8,100005000218000001,,,0,1100000000000000585,218
9011010000500000,35,100005000002000001,,,0,1100000000000000580,2
9011010000500000,2,100005000008000001,,,0,1100000000000000584,8
9011010000500000,12,100005000012000002,,,0,1100000000000000581,12
9011010000500000,12,100005000014000001,,,0,1100000000000000582,14
9011010000500000,16,100005000018000002,,,0,1100000000000000584,18
9011010000500000,13,100005000026000001,,,0,1100000000000000584,26
9011010000500000,16,100005000028000002,,,0,1100000000000000584,28
9011010000500000,12,100005000030000002,,,0,1100000000000000584,30
9011010000500000,32,100005000034000001,,,0,1100000000000000584,34
9011010000500000,12,100005000040000001,,,0,1100000000000000584,40
9011010000500000,12,100005000046000001,,,0,1100000000000000584,46
9011010000500000,39,100005000048000002,,,0,1100000000000000584,48
9011010000500000,36,100005000048000003,,,0,1100000000000000584,48
9011010000500000,12,100005000052000002,,,0,1100000000000000584,52
9011010000500000,28,100005000056000002,,,0,1100000000000000584,56
9011010000500000,22,100005000056000004,,,0,1100000000000000584,56
9011010000500000,1,100005000114000002,,,0,1100000000000000586,114
9011010000500000,17,100005000120000001,,,0,1100000000000000586,120
9011010000500000,11,100005000120000003,,,0,1100000000000000586,120
9011010000500000,6,100005000124000001,,,0,1100000000000000587,124
9011010000500000,4,100005000126000001,,,0,1100000000000000589,126
9011010000500000,5,100005000126000002,,,0,1100000000000000589,126
9011010000500000,6,100005000138000001,,,0,1100000000000000589,138
9011010000500000,4,100005000148000001,,,0,1100000000000000587,148
9011010000500000,6,100005000156000001,,,0,1100000000000000589,156
9011010000500000,6,100005000162000001,,,0,1100000000000000589,162
9011010000500000,6,100005000172000001,,,0,1100000000000000586,172
9011010000500000,5,100005000174000002,,,0,1100000000000000586,174
9011010000500000,5,100005000176000002,,,0,1100000000000000586,176
9011010000500000,7,100005000182000001,,,0,1100000000000000589,182
9011010000500000,7,100005000188000001,,,0,1100000000000000587,188
9011010000500000,7,100005000198000001,,,0,1100000000000000589,198
9011010000500000,7,100005000202000001,,,0,1100000000000000589,202
9011010000500000,8,100005000210000001,,,0,1100000000000000586,210
9011010000500000,10,100005000066000001,,,0,1100000000000000583,66
9011010000500000,2,100005000070000001,,,0,1100000000000000583,70
9011010000500000,11,100005000082000001,,,0,1100000000000000584,82
9011010000500000,20,100005000082000002,,,0,1100000000000000584,82
9011010000500000,19,100005000082000004,,,0,1100000000000000584,82
9011010000500000,29,100005000082000005,,,0,1100000000000000584,82
9011010000500000,21,100005000082000007,,,0,1100000000000000584,82
9011010000500000,22,100005000082000008,,,0,1100000000000000584,82
9011010000500000,28,100005000086000001,,,0,1100000000000000584,86
9011010000500000,26,100005000094000001,,,0,1100000000000000589,94
9011010000500000,17,100005000096000004,,,0,1100000000000000589,96
9011010000500000,12,100005000098000002,,,0,1100000000000000587,98
9011010000500000,14,100005000102000004,,,0,1100000000000000589,102
9011010000500000,3,100005000106000002,,,0,1100000000000000589,106
9011010000500000,38,100005000108000002,,,0,1100000000000000589,108
9011010000500000,1,100005000110000002,,,0,1100000000000000587,110
9011010000500000,11,100005000112000001,,,0,1100000000000000589,112
9011010000500000,15,100005000112000002,,,0,1100000000000000589,112
9011010000500000,20,100005000120000002,,,0,1100000000000000586,120
9011010000500000,6,100005000128000001,,,0,1100000000000000589,128
9011010000500000,4,100005000134000002,,,0,1100000000000000589,134
9011010000500000,6,100005000142000001,,,0,1100000000000000589,142
9011010000500000,5,100005000144000002,,,0,1100000000000000589,144
9011010000500000,6,100005000150000001,,,0,1100000000000000589,150
9011010000500000,6,100005000152000001,,,0,1100000000000000589,152
9011010000500000,4,100005000166000001,,,0,1100000000000000589,166
9011010000500000,6,100005000168000001,,,0,1100000000000000589,168
9011010000500000,6,100005000170000001,,,0,1100000000000000586,170
9011010000500000,4,100005000174000001,,,0,1100000000000000586,174
9011010000500000,7,100005000184000001,,,0,1100000000000000589,184
9011010000500000,25,100005000186000001,,,0,1100000000000000589,186
9011010000500000,24,100005000186000002,,,0,1100000000000000589,186
9011010000500000,7,100005000192000001,,,0,1100000000000000589,192
9011010000500000,7,100005000200000001,,,0,1100000000000000589,200
9011010000500000,7,100005000204000001,,,0,1100000000000000587,204
9011010000500000,7,100005000206000001,,,0,1100000000000000589,206
9011010000600000,10,100006000005000001,,,1,1100000000000000691,5
9011010000600000,3,100006000007000001,,,1,1100000000000000686,7
9011010000600000,1,100006000009000002,,,1,1100000000000000684,9
9011010000600000,1,100006000017000002,,,1,1100000000000000689,17
9011010000600000,1,100006000019000002,,,1,1100000000000000691,19
9011010000600000,10,100006000023000002,,,1,1100000000000000691,23
9011010000600000,3,100006000033000001,,,1,1100000000000000691,33
9011010000600000,2,100006000043000001,,,1,1100000000000000691,43
9011010000600000,1,100006000055000002,,,1,1100000000000000690,55
9011010000600000,3,100006000063000001,,,1,1100000000000000690,63
9011010000600000,9,100006000071000001,,,1,1100000000000000690,71
9011010000600000,1,100006000077000001,,,1,1100000000000000690,77
9011010000600000,3,100006000087000001,,,1,1100000000000000693,87
9011010000600000,9,100006000001000001,,,1,1100000000000000691,1
9011010000600000,3,100006000003000001,,,1,1100000000000000691,3
9011010000600000,1,100006000003000002,,,1,1100000000000000691,3
9011010000600000,3,100006000009000001,,,1,1100000000000000684,9
9011010000600000,2,100006000011000001,,,1,1100000000000000687,11
9011010000600000,3,100006000027000002,,,1,1100000000000000691,27
9011010000600000,2,100006000029000001,,,1,1100000000000000691,29
9011010000600000,1,100006000033000002,,,1,1100000000000000691,33
9011010000600000,2,100006000035000001,,,1,1100000000000000691,35
9011010000600000,1,100006000039000002,,,1,1100000000000000691,39
9011010000600000,3,100006000041000001,,,1,1100000000000000691,41
9011010000600000,1,100006000041000002,,,1,1100000000000000691,41
9011010000600000,3,100006000045000001,,,1,1100000000000000691,45
9011010000600000,1,100006000045000002,,,1,1100000000000000691,45
9011010000600000,2,100006000049000001,,,1,1100000000000000691,49
9011010000600000,3,100006000051000001,,,1,1100000000000000691,51
9011010000600000,1,100006000051000002,,,1,1100000000000000691,51
9011010000600000,3,100006000061000002,,,1,1100000000000000690,61
9011010000600000,3,100006000069000001,,,1,1100000000000000690,69
9011010000600000,1,100006000079000001,,,1,1100000000000000690,79
9011010000600000,3,100006000079000002,,,1,1100000000000000690,79
9011010000600000,9,100006000083000002,,,1,1100000000000000699,83
9011010000600000,1,100006000085000001,,,1,1100000000000000693,85
9011010000600000,3,100006000085000002,,,1,1100000000000000693,85
9011010000600000,10,100006000093000002,,,1,1100000000000000694,93
9011010000600000,4,100006000105000001,,,1,1100000000000000696,105
9011010000600000,6,100006000111000001,,,1,1100000000000000697,111
9011010000600000,6,100006000121000001,,,1,1100000000000000697,121
9011010000600000,5,100006000129000001,,,1,1100000000000000697,129
9011010000600000,4,100006000129000002,,,1,1100000000000000697,129
9011010000600000,4,100006000139000001,,,1,1100000000000000697,139
9011010000600000,4,100006000153000001,,,1,1100000000000000698,153
9011010000600000,24,100006000165000001,,,1,1100000000000000697,165
9011010000600000,24,100006000179000002,,,1,1100000000000000685,179
9011010000600000,7,100006000181000001,,,1,1100000000000000685,181
9011010000600000,7,100006000185000001,,,1,1100000000000000698,185
9011010000600000,3,100006000513000001,,,1,1100000000000000683,513
9011010000600000,1,100006000515000002,,,1,1100000000000000688,515
9011010000600000,3,100006000965000001,,,1,1100000000000000692,965
9011010000600000,10,100006000001000002,,,1,1100000000000000691,1
9011010000600000,1,100006000007000002,,,1,1100000000000000686,7
9011010000600000,2,100006000021000001,,,1,1100000000000000691,21
9011010000600000,9,100006000023000001,,,1,1100000000000000691,23
9011010000600000,1,100006000027000001,,,1,1100000000000000691,27
9011010000600000,3,100006000031000001,,,1,1100000000000000691,31
9011010000600000,1,100006000031000002,,,1,1100000000000000691,31
9011010000600000,1,100006000047000001,,,1,1100000000000000691,47
9011010000600000,3,100006000053000001,,,1,1100000000000000690,53
9011010000600000,3,100006000055000001,,,1,1100000000000000690,55
9011010000600000,1,100006000061000001,,,1,1100000000000000690,61
9011010000600000,1,100006000075000002,,,1,1100000000000000690,75
9011010000600000,3,100006000077000002,,,1,1100000000000000690,77
9011010000600000,2,100006000081000001,,,1,1100000000000000691,81
9011010000600000,3,100006000095000002,,,1,1100000000000000694,95
9011010000600000,5,100006000105000002,,,1,1100000000000000696,105
9011010000600000,6,100006000113000001,,,1,1100000000000000697,113
9011010000600000,6,100006000117000001,,,1,1100000000000000697,117
9011010000600000,5,100006000119000001,,,1,1100000000000000697,119
9011010000600000,4,100006000119000002,,,1,1100000000000000697,119
9011010000600000,6,100006000123000001,,,1,1100000000000000697,123
9011010000600000,6,100006000133000001,,,1,1100000000000000697,133
9011010000600000,7,100006000159000001,,,1,1100000000000000696,159
9011010000600000,25,100006000165000002,,,1,1100000000000000697,165
9011010000600000,7,100006000167000001,,,1,1100000000000000697,167
9011010000600000,7,100006000173000001,,,1,1100000000000000697,173
9011010000600000,7,100006000175000001,,,1,1100000000000000697,175
9011010000600000,25,100006000179000001,,,1,1100000000000000685,179
9011010000600000,7,100006000183000001,,,1,1100000000000000698,183
9011010000600000,1,100006000513000002,,,1,1100000000000000683,513
9011010000600000,9,100006000005000002,,,1,1100000000000000691,5
9011010000600000,3,100006000017000001,,,1,1100000000000000689,17
9011010000600000,3,100006000019000001,,,1,1100000000000000691,19
9011010000600000,1,100006000025000001,,,1,1100000000000000691,25
9011010000600000,3,100006000025000002,,,1,1100000000000000691,25
9011010000600000,3,100006000037000001,,,1,1100000000000000691,37
9011010000600000,1,100006000037000002,,,1,1100000000000000691,37
9011010000600000,3,100006000039000001,,,1,1100000000000000691,39
9011010000600000,3,100006000047000002,,,1,1100000000000000691,47
9011010000600000,1,100006000053000002,,,1,1100000000000000690,53
9011010000600000,2,100006000059000001,,,1,1100000000000000690,59
9011010000600000,1,100006000063000002,,,1,1100000000000000690,63
9011010000600000,2,100006000067000001,,,1,1100000000000000690,67
9011010000600000,1,100006000069000002,,,1,1100000000000000690,69
9011010000600000,10,100006000071000002,,,1,1100000000000000690,71
9011010000600000,3,100006000075000001,,,1,1100000000000000690,75
9011010000600000,10,100006000083000001,,,1,1100000000000000699,83
9011010000600000,1,100006000087000002,,,1,1100000000000000693,87
9011010000600000,3,100006000091000001,,,1,1100000000000000694,91
9011010000600000,1,100006000095000001,,,1,1100000000000000694,95
9011010000600000,3,100006000097000001,,,1,1100000000000000694,97
9011010000600000,4,100006000101000001,,,1,1100000000000000696,101
9011010000600000,5,100006000101000002,,,1,1100000000000000696,101
9011010000600000,6,100006000115000001,,,1,1100000000000000697,115
9011010000600000,6,100006000125000001,,,1,1100000000000000697,125
9011010000600000,6,100006000127000001,,,1,1100000000000000697,127
9011010000600000,6,100006000135000001,,,1,1100000000000000697,135
9011010000600000,6,100006000137000001,,,1,1100000000000000697,137
9011010000600000,6,100006000143000001,,,1,1100000000000000698,143
9011010000600000,6,100006000145000001,,,1,1100000000000000698,145
9011010000600000,5,100006000149000002,,,1,1100000000000000698,149
9011010000600000,6,100006000151000001,,,1,1100000000000000698,151
9011010000600000,7,100006000157000001,,,1,1100000000000000696,157
9011010000600000,7,100006000163000001,,,1,1100000000000000697,163
9011010000600000,7,100006000169000001,,,1,1100000000000000697,169
9011010000600000,7,100006000171000001,,,1,1100000000000000697,171
9011010000600000,7,100006000177000001,,,1,1100000000000000697,177
9011010000600000,1,100006000957000002,,,1,1100000000000000692,957
9011010000600000,1,100006000965000002,,,1,1100000000000000692,965
9011010000600000,3,100006000089000001,,,1,1100000000000000693,89
9011010000600000,1,100006000089000002,,,1,1100000000000000693,89
9011010000600000,1,100006000091000002,,,1,1100000000000000694,91
9011010000600000,9,100006000093000001,,,1,1100000000000000694,93
9011010000600000,1,100006000097000002,,,1,1100000000000000694,97
9011010000600000,3,100006000099000001,,,1,1100000000000000695,99
9011010000600000,1,100006000099000002,,,1,1100000000000000695,99
9011010000600000,6,100006000103000001,,,1,1100000000000000696,103
9011010000600000,6,100006000107000001,,,1,1100000000000000696,107
9011010000600000,4,100006000109000001,,,1,1100000000000000697,109
9011010000600000,5,100006000109000002,,,1,1100000000000000697,109
9011010000600000,6,100006000131000001,,,1,1100000000000000697,131
9011010000600000,5,100006000139000002,,,1,1100000000000000697,139
9011010000600000,6,100006000141000001,,,1,1100000000000000696,141
9011010000600000,6,100006000147000001,,,1,1100000000000000698,147
9011010000600000,4,100006000149000001,,,1,1100000000000000698,149
9011010000600000,5,100006000153000002,,,1,1100000000000000698,153
9011010000600000,7,100006000161000001,,,1,1100000000000000697,161
9011010000600000,3,100006000515000001,,,1,1100000000000000688,515
9011010000600000,3,100006000957000001,,,1,1100000000000000692,957
9011010000600000,3,100006000973000001,,,1,1100000000000000692,973
9011010000600000,1,100006000973000002,,,1,1100000000000000692,973
9011010000600000,3,100006000002000002,,,0,1100000000000000714,2
9011010000600000,3,100006000006000001,,,0,1100000000000000711,6
9011010000600000,1,100006000006000002,,,0,1100000000000000711,6
9011010000600000,3,100006000010000002,,,0,1100000000000000701,10
9011010000600000,2,100006000014000001,,,0,1100000000000000703,14
9011010000600000,3,100006000016000002,,,0,1100000000000000704,16
9011010000600000,1,100006000026000002,,,0,1100000000000000714,26
9011010000600000,3,100006000034000002,,,0,1100000000000000714,34
9011010000600000,2,100006000036000001,,,0,1100000000000000714,36
9011010000600000,2,100006000044000001,,,0,1100000000000000714,44
9011010000600000,1,100006000046000002,,,0,1100000000000000714,46
9011010000600000,1,100006000052000002,,,0,1100000000000000714,52
9011010000600000,3,100006000060000002,,,0,1100000000000000700,60
9011010000600000,3,100006000072000001,,,0,1100000000000000700,72
9011010000600000,1,100006000072000002,,,0,1100000000000000700,72
9011010000600000,3,100006000076000001,,,0,1100000000000000700,76
9011010000600000,2,100006000084000001,,,0,1100000000000000714,84
9011010000600000,1,100006000002000001,,,0,1100000000000000714,2
9011010000600000,1,100006000010000001,,,0,1100000000000000701,10
9011010000600000,3,100006000018000001,,,0,1100000000000000714,18
9011010000600000,1,100006000018000002,,,0,1100000000000000714,18
9011010000600000,3,100006000026000001,,,0,1100000000000000714,26
9011010000600000,3,100006000028000001,,,0,1100000000000000714,28
9011010000600000,1,100006000032000001,,,0,1100000000000000714,32
9011010000600000,1,100006000034000001,,,0,1100000000000000714,34
9011010000600000,2,100006000050000001,,,0,1100000000000000714,50
9011010000600000,1,100006000054000002,,,0,1100000000000000714,54
9011010000600000,1,100006000056000001,,,0,1100000000000000700,56
9011010000600000,3,100006000064000001,,,0,1100000000000000700,64
9011010000600000,10,100006000074000002,,,0,1100000000000000700,74
9011010000600000,1,100006000078000002,,,0,1100000000000000700,78
9011010000600000,3,100006000082000002,,,0,1100000000000000714,82
9011010000600000,1,100006000090000002,,,0,1100000000000000712,90
9011010000600000,3,100006000092000001,,,0,1100000000000000712,92
9011010000600000,1,100006000092000002,,,0,1100000000000000712,92
9011010000600000,3,100006000094000001,,,0,1100000000000000712,94
9011010000600000,1,100006000100000001,,,0,1100000000000000706,100
9011010000600000,3,100006000106000001,,,0,1100000000000000707,106
9011010000600000,6,100006000132000001,,,0,1100000000000000706,132
9011010000600000,5,100006000138000001,,,0,1100000000000000706,138
9011010000600000,6,100006000142000001,,,0,1100000000000000706,142
9011010000600000,6,100006000158000001,,,0,1100000000000000706,158
9011010000600000,6,100006000162000001,,,0,1100000000000000706,162
9011010000600000,5,100006000164000001,,,0,1100000000000000706,164
9011010000600000,7,100006000176000001,,,0,1100000000000000706,176
9011010000600000,7,100006000180000001,,,0,1100000000000000709,180
9011010000600000,7,100006000186000001,,,0,1100000000000000709,186
9011010000600000,7,100006000188000001,,,0,1100000000000000709,188
9011010000600000,7,100006000194000001,,,0,1100000000000000709,194
9011010000600000,7,100006000196000001,,,0,1100000000000000709,196
9011010000600000,8,100006000210000001,,,0,1100000000000000707,210
9011010000600000,8,100006000212000001,,,0,1100000000000000707,212
9011010000600000,3,100006000512000001,,,0,1100000000000000702,512
9011010000600000,2,100006000020000001,,,0,1100000000000000714,20
9011010000600000,10,100006000022000002,,,0,1100000000000000714,22
9011010000600000,3,100006000032000002,,,0,1100000000000000714,32
9011010000600000,1,100006000038000001,,,0,1100000000000000714,38
9011010000600000,3,100006000040000001,,,0,1100000000000000714,40
9011010000600000,1,100006000040000002,,,0,1100000000000000714,40
9011010000600000,1,100006000048000002,,,0,1100000000000000714,48
9011010000600000,3,100006000054000001,,,0,1100000000000000714,54
9011010000600000,1,100006000080000001,,,0,1100000000000000700,80
9011010000600000,3,100006000086000001,,,0,1100000000000000714,86
9011010000600000,1,100006000086000002,,,0,1100000000000000714,86
9011010000600000,1,100006000096000001,,,0,1100000000000000712,96
9011010000600000,1,100006000106000002,,,0,1100000000000000707,106
9011010000600000,6,100006000116000001,,,0,1100000000000000706,116
9011010000600000,4,100006000118000001,,,0,1100000000000000706,118
9011010000600000,4,100006000120000001,,,0,1100000000000000706,120
9011010000600000,6,100006000124000001,,,0,1100000000000000706,124
9011010000600000,6,100006000152000001,,,0,1100000000000000706,152
9011010000600000,6,100006000172000001,,,0,1100000000000000707,172
9011010000600000,7,100006000178000001,,,0,1100000000000000709,178
9011010000600000,24,100006000198000002,,,0,1100000000000000709,198
9011010000600000,7,100006000204000001,,,0,1100000000000000710,204
9011010000600000,9,100006000504000002,,,0,1100000000000000713,504
9011010000600000,2,100006000524000001,,,0,1100000000000000713,524
9011010000600000,3,100006000562000001,,,0,1100000000000000682,562
9011010000600000,1,100006000566000002,,,0,1100000000000000682,566
9011010000600000,1,100006000016000001,,,0,1100000000000000704,16
9011010000600000,9,100006000022000001,,,0,1100000000000000714,22
9011010000600000,1,100006000028000002,,,0,1100000000000000714,28
9011010000600000,2,100006000030000001,,,0,1100000000000000714,30
9011010000600000,3,100006000038000002,,,0,1100000000000000714,38
9011010000600000,3,100006000042000001,,,0,1100000000000000714,42
9011010000600000,1,100006000042000002,,,0,1100000000000000714,42
9011010000600000,3,100006000046000001,,,0,1100000000000000714,46
9011010000600000,3,100006000048000001,,,0,1100000000000000714,48
9011010000600000,3,100006000052000001,,,0,1100000000000000714,52
9011010000600000,3,100006000056000002,,,0,1100000000000000700,56
9011010000600000,2,100006000058000001,,,0,1100000000000000700,58
9011010000600000,1,100006000060000001,,,0,1100000000000000700,60
9011010000600000,1,100006000064000002,,,0,1100000000000000700,64
9011010000600000,2,100006000068000001,,,0,1100000000000000700,68
9011010000600000,9,100006000074000001,,,0,1100000000000000700,74
9011010000600000,1,100006000076000002,,,0,1100000000000000700,76
9011010000600000,3,100006000078000001,,,0,1100000000000000700,78
9011010000600000,3,100006000080000002,,,0,1100000000000000700,80
9011010000600000,1,100006000082000001,,,0,1100000000000000714,82
9011010000600000,9,100006000088000001,,,0,1100000000000000712,88
9011010000600000,10,100006000088000002,,,0,1100000000000000712,88
9011010000600000,3,100006000090000001,,,0,1100000000000000712,90
9011010000600000,10,100006000098000002,,,0,1100000000000000712,98
9011010000600000,3,100006000100000002,,,0,1100000000000000706,100
9011010000600000,1,100006000102000002,,,0,1100000000000000706,102
9011010000600000,3,100006000104000001,,,0,1100000000000000706,104
9011010000600000,1,100006000104000002,,,0,1100000000000000706,104
9011010000600000,3,100006000110000001,,,0,1100000000000000707,110
9011010000600000,3,100006000112000001,,,0,1100000000000000707,112
9011010000600000,5,100006000114000001,,,0,1100000000000000708,114
9011010000600000,6,100006000130000001,,,0,1100000000000000706,130
9011010000600000,6,100006000134000001,,,0,1100000000000000706,134
9011010000600000,6,100006000140000001,,,0,1100000000000000706,140
9011010000600000,6,100006000144000001,,,0,1100000000000000706,144
9011010000600000,4,100006000148000001,,,0,1100000000000000706,148
9011010000600000,6,100006000150000001,,,0,1100000000000000706,150
9011010000600000,4,100006000166000001,,,0,1100000000000000707,166
9011010000600000,4,100006000168000001,,,0,1100000000000000707,168
9011010000600000,5,100006000168000002,,,0,1100000000000000707,168
9011010000600000,7,100006000184000001,,,0,1100000000000000709,184
9011010000600000,8,100006000206000001,,,0,1100000000000000707,206
9011010000600000,1,100006000508000002,,,0,1100000000000000705,508
9011010000600000,1,100006000562000002,,,0,1100000000000000682,562
9011010000600000,3,100006000570000001,,,0,1100000000000000682,570
9011010000600000,1,100006000094000002,,,0,1100000000000000712,94
9011010000600000,3,100006000096000002,,,0,1100000000000000712,96
9011010000600000,9,100006000098000001,,,0,1100000000000000712,98
9011010000600000,3,100006000102000001,,,0,1100000000000000706,102
9011010000600000,3,100006000108000001,,,0,1100000000000000707,108
9011010000600000,4,100006000114000002,,,0,1100000000000000708,114
9011010000600000,5,100006000118000002,,,0,1100000000000000706,118
9011010000600000,5,100006000120000002,,,0,1100000000000000706,120
9011010000600000,6,100006000122000001,,,0,1100000000000000706,122
9011010000600000,6,100006000126000001,,,0,1100000000000000706,126
9011010000600000,4,100006000128000001,,,0,1100000000000000706,128
9011010000600000,5,100006000128000002,,,0,1100000000000000706,128
9011010000600000,6,100006000136000001,,,0,1100000000000000706,136
9011010000600000,4,100006000138000002,,,0,1100000000000000706,138
9011010000600000,6,100006000146000001,,,0,1100000000000000706,146
9011010000600000,5,100006000148000002,,,0,1100000000000000706,148
9011010000600000,6,100006000154000001,,,0,1100000000000000706,154
9011010000600000,6,100006000156000001,,,0,1100000000000000706,156
9011010000600000,4,100006000160000001,,,0,1100000000000000706,160
9011010000600000,5,100006000160000002,,,0,1100000000000000706,160
9011010000600000,4,100006000164000002,,,0,1100000000000000706,164
9011010000600000,5,100006000166000002,,,0,1100000000000000707,166
9011010000600000,6,100006000170000001,,,0,1100000000000000707,170
9011010000600000,7,100006000174000001,,,0,1100000000000000706,174
9011010000600000,24,100006000182000001,,,0,1100000000000000709,182
9011010000600000,25,100006000182000002,,,0,1100000000000000709,182
9011010000600000,7,100006000190000001,,,0,1100000000000000709,190
9011010000600000,7,100006000192000001,,,0,1100000000000000709,192
9011010000600000,25,100006000198000001,,,0,1100000000000000709,198
9011010000600000,7,100006000200000001,,,0,1100000000000000706,200
9011010000600000,7,100006000202000001,,,0,1100000000000000706,202
9011010000600000,8,100006000208000001,,,0,1100000000000000707,208
9011010000600000,10,100006000504000001,,,0,1100000000000000713,504
9011010000600000,3,100006000508000001,,,0,1100000000000000705,508
9011010000600000,1,100006000512000002,,,0,1100000000000000702,512
9011010000600000,3,100006000566000001,,,0,1100000000000000682,566
9011010000600000,1,100006000570000002,,,0,1100000000000000682,570
9011010000700000,2,100007000005000001,,,1,1100000000000000716,5
9011010000700000,2,100007000017000001,,,1,1100000000000000716,17
9011010000700000,2,100007000025000001,,,1,1100000000000000716,25
9011010000700000,2,100007000031000001,,,1,1100000000000000716,31
9011010000700000,2,100007000033000001,,,1,1100000000000000716,33
9011010000700000,2,100007000045000001,,,1,1100000000000000716,45
9011010000700000,2,100007000055000001,,,1,1100000000000000716,55
9011010000700000,2,100007000059000001,,,1,1100000000000000716,59
9011010000700000,6,100007000071000001,,,1,1100000000000000717,71
9011010000700000,6,100007000079000001,,,1,1100000000000000717,79
9011010000700000,6,100007000091000001,,,1,1100000000000000717,91
9011010000700000,6,100007000097000001,,,1,1100000000000000717,97
9011010000700000,6,100007000103000001,,,1,1100000000000000717,103
9011010000700000,7,100007000107000001,,,1,1100000000000000717,107
9011010000700000,7,100007000109000001,,,1,1100000000000000717,109
9011010000700000,7,100007000113000001,,,1,1100000000000000717,113
9011010000700000,7,100007000125000001,,,1,1100000000000000717,125
9011010000700000,7,100007000129000001,,,1,1100000000000000717,129
9011010000700000,7,100007000133000001,,,1,1100000000000000717,133
9011010000700000,2,100007000001000001,,,1,1100000000000000716,1
9011010000700000,2,100007000007000001,,,1,1100000000000000716,7
9011010000700000,2,100007000013000001,,,1,1100000000000000716,13
9011010000700000,2,100007000019000001,,,1,1100000000000000716,19
9011010000700000,2,100007000035000001,,,1,1100000000000000716,35
9011010000700000,2,100007000043000001,,,1,1100000000000000716,43
9011010000700000,2,100007000049000001,,,1,1100000000000000716,49
9011010000700000,2,100007000051000001,,,1,1100000000000000716,51
9011010000700000,2,100007000053000001,,,1,1100000000000000716,53
9011010000700000,6,100007000067000001,,,1,1100000000000000717,67
9011010000700000,6,100007000077000001,,,1,1100000000000000717,77
9011010000700000,6,100007000081000001,,,1,1100000000000000717,81
9011010000700000,6,100007000087000001,,,1,1100000000000000717,87
9011010000700000,6,100007000093000001,,,1,1100000000000000717,93
9011010000700000,6,100007000101000001,,,1,1100000000000000717,101
9011010000700000,7,100007000117000001,,,1,1100000000000000717,117
9011010000700000,7,100007000121000001,,,1,1100000000000000717,121
9011010000700000,2,100007000021000001,,,1,1100000000000000716,21
9011010000700000,2,100007000023000001,,,1,1100000000000000716,23
9011010000700000,2,100007000029000001,,,1,1100000000000000716,29
9011010000700000,2,100007000037000001,,,1,1100000000000000716,37
9011010000700000,2,100007000041000001,,,1,1100000000000000716,41
9011010000700000,2,100007000047000001,,,1,1100000000000000716,47
9011010000700000,2,100007000057000001,,,1,1100000000000000716,57
9011010000700000,6,100007000061000001,,,1,1100000000000000717,61
9011010000700000,6,100007000063000001,,,1,1100000000000000717,63
9011010000700000,6,100007000073000001,,,1,1100000000000000717,73
9011010000700000,6,100007000075000001,,,1,1100000000000000717,75
9011010000700000,6,100007000085000001,,,1,1100000000000000717,85
9011010000700000,6,100007000089000001,,,1,1100000000000000717,89
9011010000700000,6,100007000095000001,,,1,1100000000000000717,95
9011010000700000,7,100007000111000001,,,1,1100000000000000717,111
9011010000700000,7,100007000123000001,,,1,1100000000000000717,123
9011010000700000,7,100007000127000001,,,1,1100000000000000717,127
9011010000700000,7,100007000131000001,,,1,1100000000000000717,131
9011010000700000,2,100007000009000001,,,1,1100000000000000716,9
9011010000700000,2,100007000015000001,,,1,1100000000000000716,15
9011010000700000,2,100007000027000001,,,1,1100000000000000716,27
9011010000700000,2,100007000039000001,,,1,1100000000000000716,39
9011010000700000,6,100007000065000001,,,1,1100000000000000717,65
9011010000700000,6,100007000069000001,,,1,1100000000000000717,69
9011010000700000,6,100007000083000001,,,1,1100000000000000717,83
9011010000700000,6,100007000099000001,,,1,1100000000000000717,99
9011010000700000,6,100007000105000001,,,1,1100000000000000717,105
9011010000700000,7,100007000115000001,,,1,1100000000000000717,115
9011010000700000,7,100007000119000001,,,1,1100000000000000717,119
9011010000700000,2,100007000018000001,,,0,1100000000000000715,18
9011010000700000,2,100007000020000001,,,0,1100000000000000715,20
9011010000700000,2,100007000024000001,,,0,1100000000000000715,24
9011010000700000,2,100007000026000001,,,0,1100000000000000715,26
9011010000700000,2,100007000030000001,,,0,1100000000000000715,30
9011010000700000,2,100007000050000001,,,0,1100000000000000715,50
9011010000700000,6,100007000070000001,,,0,1100000000000000715,70
9011010000700000,6,100007000078000001,,,0,1100000000000000715,78
9011010000700000,6,100007000082000001,,,0,1100000000000000715,82
9011010000700000,6,100007000084000001,,,0,1100000000000000715,84
9011010000700000,6,100007000090000001,,,0,1100000000000000715,90
9011010000700000,6,100007000092000001,,,0,1100000000000000715,92
9011010000700000,6,100007000098000001,,,0,1100000000000000715,98
9011010000700000,7,100007000116000001,,,0,1100000000000000715,116
9011010000700000,7,100007000136000001,,,0,1100000000000000715,136
9011010000700000,2,100007000022000001,,,0,1100000000000000715,22
9011010000700000,2,100007000036000001,,,0,1100000000000000715,36
9011010000700000,2,100007000038000001,,,0,1100000000000000715,38
9011010000700000,2,100007000044000001,,,0,1100000000000000715,44
9011010000700000,2,100007000046000001,,,0,1100000000000000715,46
9011010000700000,2,100007000048000001,,,0,1100000000000000715,48
9011010000700000,2,100007000056000001,,,0,1100000000000000715,56
9011010000700000,6,100007000062000001,,,0,1100000000000000715,62
9011010000700000,6,100007000064000001,,,0,1100000000000000715,64
9011010000700000,6,100007000072000001,,,0,1100000000000000715,72
9011010000700000,6,100007000080000001,,,0,1100000000000000715,80
9011010000700000,6,100007000096000001,,,0,1100000000000000715,96
9011010000700000,6,100007000100000001,,,0,1100000000000000715,100
9011010000700000,6,100007000104000001,,,0,1100000000000000715,104
9011010000700000,7,100007000122000001,,,0,1100000000000000715,122
9011010000700000,7,100007000124000001,,,0,1100000000000000715,124
9011010000700000,7,100007000126000001,,,0,1100000000000000715,126
9011010000700000,7,100007000134000001,,,0,1100000000000000715,134
9011010000700000,2,100007000008000001,,,0,1100000000000000715,8
9011010000700000,2,100007000012000001,,,0,1100000000000000715,12
9011010000700000,2,100007000016000001,,,0,1100000000000000715,16
9011010000700000,2,100007000028000001,,,0,1100000000000000715,28
9011010000700000,2,100007000034000001,,,0,1100000000000000715,34
9011010000700000,2,100007000042000001,,,0,1100000000000000715,42
9011010000700000,2,100007000058000001,,,0,1100000000000000715,58
9011010000700000,6,100007000066000001,,,0,1100000000000000715,66
9011010000700000,6,100007000074000001,,,0,1100000000000000715,74
9011010000700000,6,100007000086000001,,,0,1100000000000000715,86
9011010000700000,6,100007000094000001,,,0,1100000000000000715,94
9011010000700000,6,100007000106000001,,,0,1100000000000000715,106
9011010000700000,7,100007000112000001,,,0,1100000000000000715,112
9011010000700000,7,100007000128000001,,,0,1100000000000000715,128
9011010000700000,7,100007000132000001,,,0,1100000000000000715,132
9011010000700000,2,100007000004000001,,,0,1100000000000000715,4
9011010000700000,2,100007000014000001,,,0,1100000000000000715,14
9011010000700000,2,100007000032000001,,,0,1100000000000000715,32
9011010000700000,2,100007000040000001,,,0,1100000000000000715,40
9011010000700000,2,100007000052000001,,,0,1100000000000000715,52
9011010000700000,2,100007000054000001,,,0,1100000000000000715,54
9011010000700000,6,100007000068000001,,,0,1100000000000000715,68
9011010000700000,6,100007000076000001,,,0,1100000000000000715,76
9011010000700000,6,100007000088000001,,,0,1100000000000000715,88
9011010000700000,6,100007000102000001,,,0,1100000000000000715,102
9011010000700000,6,100007000108000001,,,0,1100000000000000715,108
9011010000700000,7,100007000110000001,,,0,1100000000000000715,110
9011010000700000,7,100007000114000001,,,0,1100000000000000715,114
9011010000700000,7,100007000118000001,,,0,1100000000000000715,118
9011010000700000,7,100007000120000001,,,0,1100000000000000715,120
9011010000700000,7,100007000130000001,,,0,1100000000000000715,130
9011010000800000,2,100008000017000001,,,1,1100000000000000721,17
9011010000800000,2,100008000021000001,,,1,1100000000000000721,21
9011010000800000,2,100008000025000001,,,1,1100000000000000721,25
9011010000800000,2,100008000033000001,,,1,1100000000000000721,33
9011010000800000,2,100008000039000001,,,1,1100000000000000721,39
9011010000800000,2,100008000041000001,,,1,1100000000000000721,41
9011010000800000,2,100008000051000001,,,1,1100000000000000720,51
9011010000800000,2,100008000053000001,,,1,1100000000000000720,53
9011010000800000,2,100008000055000001,,,1,1100000000000000720,55
9011010000800000,6,100008000069000001,,,1,1100000000000000720,69
9011010000800000,6,100008000077000001,,,1,1100000000000000720,77
9011010000800000,6,100008000105000001,,,1,1100000000000000720,105
9011010000800000,7,100008000113000001,,,1,1100000000000000720,113
9011010000800000,7,100008000123000001,,,1,1100000000000000720,123
9011010000800000,7,100008000127000001,,,1,1100000000000000720,127
9011010000800000,7,100008000133000001,,,1,1100000000000000720,133
9011010000800000,2,100008000007000001,,,1,1100000000000000721,7
9011010000800000,2,100008000015000001,,,1,1100000000000000721,15
9011010000800000,2,100008000019000001,,,1,1100000000000000721,19
9011010000800000,2,100008000027000001,,,1,1100000000000000721,27
9011010000800000,2,100008000037000001,,,1,1100000000000000721,37
9011010000800000,6,100008000061000001,,,1,1100000000000000720,61
9011010000800000,6,100008000065000001,,,1,1100000000000000720,65
9011010000800000,6,100008000067000001,,,1,1100000000000000720,67
9011010000800000,6,100008000081000001,,,1,1100000000000000720,81
9011010000800000,6,100008000093000001,,,1,1100000000000000720,93
9011010000800000,6,100008000097000001,,,1,1100000000000000720,97
9011010000800000,7,100008000107000001,,,1,1100000000000000720,107
9011010000800000,7,100008000111000001,,,1,1100000000000000720,111
9011010000800000,7,100008000119000001,,,1,1100000000000000720,119
9011010000800000,2,100008000013000001,,,1,1100000000000000721,13
9011010000800000,2,100008000029000001,,,1,1100000000000000721,29
9011010000800000,2,100008000045000001,,,1,1100000000000000720,45
9011010000800000,2,100008000047000001,,,1,1100000000000000720,47
9011010000800000,2,100008000057000001,,,1,1100000000000000720,57
9011010000800000,6,100008000059000001,,,1,1100000000000000720,59
9011010000800000,6,100008000071000001,,,1,1100000000000000720,71
9011010000800000,6,100008000079000001,,,1,1100000000000000720,79
9011010000800000,6,100008000083000001,,,1,1100000000000000720,83
9011010000800000,6,100008000089000001,,,1,1100000000000000720,89
9011010000800000,6,100008000101000001,,,1,1100000000000000720,101
9011010000800000,7,100008000109000001,,,1,1100000000000000720,109
9011010000800000,7,100008000115000001,,,1,1100000000000000720,115
9011010000800000,7,100008000121000001,,,1,1100000000000000720,121
9011010000800000,7,100008000131000001,,,1,1100000000000000720,131
9011010000800000,2,100008000003000001,,,1,1100000000000000721,3
9011010000800000,2,100008000009000001,,,1,1100000000000000723,9
9011010000800000,2,100008000011000001,,,1,1100000000000000721,11
9011010000800000,2,100008000023000001,,,1,1100000000000000721,23
9011010000800000,2,100008000031000001,,,1,1100000000000000721,31
9011010000800000,2,100008000035000001,,,1,1100000000000000721,35
9011010000800000,2,100008000043000001,,,1,1100000000000000721,43
9011010000800000,2,100008000049000001,,,1,1100000000000000720,49
9011010000800000,6,100008000063000001,,,1,1100000000000000720,63
9011010000800000,6,100008000073000001,,,1,1100000000000000720,73
9011010000800000,6,100008000075000001,,,1,1100000000000000720,75
9011010000800000,6,100008000085000001,,,1,1100000000000000720,85
9011010000800000,6,100008000087000001,,,1,1100000000000000720,87
9011010000800000,6,100008000091000001,,,1,1100000000000000720,91
9011010000800000,6,100008000095000001,,,1,1100000000000000720,95
9011010000800000,6,100008000099000001,,,1,1100000000000000720,99
9011010000800000,6,100008000103000001,,,1,1100000000000000720,103
9011010000800000,7,100008000117000001,,,1,1100000000000000720,117
9011010000800000,7,100008000125000001,,,1,1100000000000000720,125
9011010000800000,7,100008000129000001,,,1,1100000000000000720,129
9011010000800000,2,100008000002000001,,,0,1100000000000000718,2
9011010000800000,2,100008000006000001,,,0,1100000000000000718,6
9011010000800000,2,100008000008000001,,,0,1100000000000000718,8
9011010000800000,2,100008000018000001,,,0,1100000000000000718,18
9011010000800000,2,100008000034000001,,,0,1100000000000000718,34
9011010000800000,2,100008000036000001,,,0,1100000000000000718,36
9011010000800000,2,100008000048000001,,,0,1100000000000000719,48
9011010000800000,2,100008000056000001,,,0,1100000000000000719,56
9011010000800000,2,100008000058000001,,,0,1100000000000000719,58
9011010000800000,2,100008000060000001,,,0,1100000000000000724,60
9011010000800000,6,100008000066000001,,,0,1100000000000000719,66
9011010000800000,6,100008000068000001,,,0,1100000000000000719,68
9011010000800000,6,100008000072000001,,,0,1100000000000000719,72
9011010000800000,6,100008000074000001,,,0,1100000000000000719,74
9011010000800000,6,100008000086000001,,,0,1100000000000000719,86
9011010000800000,6,100008000092000001,,,0,1100000000000000719,92
9011010000800000,6,100008000098000001,,,0,1100000000000000719,98
9011010000800000,6,100008000104000001,,,0,1100000000000000719,104
9011010000800000,6,100008000110000001,,,0,1100000000000000719,110
9011010000800000,7,100008000120000001,,,0,1100000000000000719,120
9011010000800000,2,100008000014000001,,,0,1100000000000000718,14
9011010000800000,2,100008000022000001,,,0,1100000000000000718,22
9011010000800000,2,100008000040000001,,,0,1100000000000000718,40
9011010000800000,2,100008000052000001,,,0,1100000000000000719,52
9011010000800000,11,100008000062000002,,,0,1100000000000000718,62
9011010000800000,6,100008000070000001,,,0,1100000000000000719,70
9011010000800000,6,100008000088000001,,,0,1100000000000000719,88
9011010000800000,6,100008000090000001,,,0,1100000000000000719,90
9011010000800000,4,100008000114000001,,,0,1100000000000000718,114
9011010000800000,7,100008000126000001,,,0,1100000000000000719,126
9011010000800000,7,100008000130000001,,,0,1100000000000000719,130
9011010000800000,2,100008000016000001,,,0,1100000000000000718,16
9011010000800000,2,100008000024000001,,,0,1100000000000000718,24
9011010000800000,2,100008000026000001,,,0,1100000000000000718,26
9011010000800000,2,100008000028000001,,,0,1100000000000000718,28
9011010000800000,2,100008000050000001,,,0,1100000000000000719,50
9011010000800000,2,100008000054000001,,,0,1100000000000000719,54
9011010000800000,26,100008000062000001,,,0,1100000000000000718,62
9011010000800000,6,100008000076000001,,,0,1100000000000000719,76
9011010000800000,6,100008000080000001,,,0,1100000000000000719,80
9011010000800000,6,100008000082000001,,,0,1100000000000000719,82
9011010000800000,6,100008000096000001,,,0,1100000000000000719,96
9011010000800000,6,100008000108000001,,,0,1100000000000000719,108
9011010000800000,4,100008000112000001,,,0,1100000000000000718,112
9011010000800000,5,100008000114000002,,,0,1100000000000000718,114
9011010000800000,7,100008000124000001,,,0,1100000000000000719,124
9011010000800000,7,100008000128000001,,,0,1100000000000000719,128
9011010000800000,7,100008000132000001,,,0,1100000000000000719,132
9011010000800000,7,100008000138000001,,,0,1100000000000000719,138
9011010000800000,8,100008000144000001,,,0,1100000000000000722,144
9011010000800000,8,100008000146000001,,,0,1100000000000000722,146
9011010000800000,7,100008000136000001,,,0,1100000000000000719,136
9011010000800000,7,100008000140000001,,,0,1100000000000000719,140
9011010000800000,2,100008000010000001,,,0,1100000000000000718,10
9011010000800000,2,100008000020000001,,,0,1100000000000000718,20
9011010000800000,2,100008000030000001,,,0,1100000000000000718,30
9011010000800000,2,100008000032000001,,,0,1100000000000000718,32
9011010000800000,2,100008000038000001,,,0,1100000000000000718,38
9011010000800000,2,100008000042000001,,,0,1100000000000000718,42
9011010000800000,2,100008000044000001,,,0,1100000000000000718,44
9011010000800000,2,100008000046000001,,,0,1100000000000000719,46
9011010000800000,3,100008000064000001,,,0,1100000000000000718,64
9011010000800000,6,100008000078000001,,,0,1100000000000000719,78
9011010000800000,6,100008000084000001,,,0,1100000000000000719,84
9011010000800000,6,100008000094000001,,,0,1100000000000000719,94
9011010000800000,6,100008000100000001,,,0,1100000000000000719,100
9011010000800000,6,100008000102000001,,,0,1100000000000000719,102
9011010000800000,6,100008000106000001,,,0,1100000000000000719,106
9011010000800000,5,100008000112000002,,,0,1100000000000000718,112
9011010000800000,7,100008000116000001,,,0,1100000000000000719,116
9011010000800000,7,100008000118000001,,,0,1100000000000000719,118
9011010000800000,7,100008000122000001,,,0,1100000000000000719,122
9011010000800000,7,100008000134000001,,,0,1100000000000000719,134
9011010000800000,7,100008000142000001,,,0,1100000000000000719,142
9011010000900000,2,100009000005000001,,,1,1100000000000000760,5
9011010000900000,2,100009000009000001,,,1,1100000000000000760,9
9011010000900000,2,100009000011000001,,,1,1100000000000000760,11
9011010000900000,2,100009000015000001,,,1,1100000000000000760,15
9011010000900000,2,100009000021000001,,,1,1100000000000000760,21
9011010000900000,2,100009000039000001,,,1,1100000000000000760,39
9011010000900000,2,100009000077000001,,,1,1100000000000000760,77
9011010000900000,2,100009000091000001,,,1,1100000000000000760,91
9011010000900000,2,100009000105000001,,,1,1100000000000000760,105
9011010000900000,2,100009000117000001,,,1,1100000000000000760,117
9011010000900000,2,100009000129000001,,,1,1100000000000000760,129
9011010000900000,2,100009000133000001,,,1,1100000000000000760,133
9011010000900000,2,100009000135000001,,,1,1100000000000000760,135
9011010000900000,2,100009000149000001,,,1,1100000000000000760,149
9011010000900000,2,100009000151000001,,,1,1100000000000000760,151
9011010000900000,2,100009000155000001,,,1,1100000000000000760,155
9011010000900000,2,100009000163000001,,,1,1100000000000000760,163
9011010000900000,2,100009000167000001,,,1,1100000000000000760,167
9011010000900000,2,100009000171000001,,,1,1100000000000000760,171
9011010000900000,2,100009000179000001,,,1,1100000000000000760,179
9011010000900000,2,100009000211000001,,,1,1100000000000000760,211
9011010000900000,2,100009000213000001,,,1,1100000000000000760,213
9011010000900000,2,100009000217000001,,,1,1100000000000000760,217
9011010000900000,2,100009000219000001,,,1,1100000000000000760,219
9011010000900000,2,100009000231000001,,,1,1100000000000000760,231
9011010000900000,2,100009000253000001,,,1,1100000000000000760,253
9011010000900000,2,100009000255000001,,,1,1100000000000000760,255
9011010000900000,2,100009000001000001,,,1,1100000000000000760,1
9011010000900000,2,100009000003000001,,,1,1100000000000000760,3
9011010000900000,2,100009000025000001,,,1,1100000000000000760,25
9011010000900000,2,100009000031000001,,,1,1100000000000000760,31
9011010000900000,2,100009000035000001,,,1,1100000000000000760,35
9011010000900000,2,100009000041000001,,,1,1100000000000000760,41
9011010000900000,2,100009000045000001,,,1,1100000000000000760,45
9011010000900000,2,100009000053000001,,,1,1100000000000000760,53
9011010000900000,2,100009000057000001,,,1,1100000000000000760,57
9011010000900000,2,100009000059000001,,,1,1100000000000000760,59
9011010000900000,2,100009000065000001,,,1,1100000000000000760,65
9011010000900000,2,100009000067000001,,,1,1100000000000000760,67
9011010000900000,2,100009000081000001,,,1,1100000000000000760,81
9011010000900000,2,100009000085000001,,,1,1100000000000000760,85
9011010000900000,2,100009000087000001,,,1,1100000000000000760,87
9011010000900000,2,100009000093000001,,,1,1100000000000000760,93
9011010000900000,2,100009000095000001,,,1,1100000000000000760,95
9011010000900000,2,100009000097000001,,,1,1100000000000000760,97
9011010000900000,2,100009000101000001,,,1,1100000000000000760,101
9011010000900000,2,100009000109000001,,,1,1100000000000000760,109
9011010000900000,2,100009000113000001,,,1,1100000000000000760,113
9011010000900000,2,100009000119000001,,,1,1100000000000000760,119
9011010000900000,2,100009000123000001,,,1,1100000000000000760,123
9011010000900000,2,100009000145000001,,,1,1100000000000000760,145
9011010000900000,2,100009000159000001,,,1,1100000000000000760,159
9011010000900000,2,100009000165000001,,,1,1100000000000000760,165
9011010000900000,2,100009000175000001,,,1,1100000000000000760,175
9011010000900000,2,100009000197000001,,,1,1100000000000000760,197
9011010000900000,2,100009000199000001,,,1,1100000000000000760,199
9011010000900000,2,100009000233000001,,,1,1100000000000000760,233
9011010000900000,2,100009000235000001,,,1,1100000000000000760,235
9011010000900000,2,100009000243000001,,,1,1100000000000000760,243
9011010000900000,2,100009000251000001,,,1,1100000000000000760,251
9011010000900000,2,100009000017000001,,,1,1100000000000000760,17
9011010000900000,2,100009000023000001,,,1,1100000000000000760,23
9011010000900000,2,100009000037000001,,,1,1100000000000000760,37
9011010000900000,2,100009000047000001,,,1,1100000000000000760,47
9011010000900000,2,100009000049000001,,,1,1100000000000000760,49
9011010000900000,2,100009000051000001,,,1,1100000000000000760,51
9011010000900000,2,100009000063000001,,,1,1100000000000000760,63
9011010000900000,2,100009000069000001,,,1,1100000000000000760,69
9011010000900000,2,100009000071000001,,,1,1100000000000000760,71
9011010000900000,2,100009000075000001,,,1,1100000000000000760,75
9011010000900000,2,100009000103000001,,,1,1100000000000000760,103
9011010000900000,2,100009000107000001,,,1,1100000000000000760,107
9011010000900000,2,100009000115000001,,,1,1100000000000000760,115
9011010000900000,2,100009000125000001,,,1,1100000000000000760,125
9011010000900000,2,100009000127000001,,,1,1100000000000000760,127
9011010000900000,2,100009000169000001,,,1,1100000000000000760,169
9011010000900000,2,100009000173000001,,,1,1100000000000000760,173
9011010000900000,2,100009000177000001,,,1,1100000000000000760,177
9011010000900000,2,100009000183000001,,,1,1100000000000000760,183
9011010000900000,2,100009000191000001,,,1,1100000000000000760,191
9011010000900000,2,100009000201000001,,,1,1100000000000000760,201
9011010000900000,2,100009000225000001,,,1,1100000000000000760,225
9011010000900000,2,100009000229000001,,,1,1100000000000000760,229
9011010000900000,2,100009000239000001,,,1,1100000000000000760,239
9011010000900000,2,100009000245000001,,,1,1100000000000000760,245
9011010000900000,2,100009000007000001,,,1,1100000000000000760,7
9011010000900000,2,100009000013000001,,,1,1100000000000000760,13
9011010000900000,2,100009000019000001,,,1,1100000000000000760,19
9011010000900000,2,100009000027000001,,,1,1100000000000000760,27
9011010000900000,2,100009000029000001,,,1,1100000000000000760,29
9011010000900000,2,100009000033000001,,,1,1100000000000000760,33
9011010000900000,2,100009000043000001,,,1,1100000000000000760,43
9011010000900000,2,100009000055000001,,,1,1100000000000000760,55
9011010000900000,2,100009000061000001,,,1,1100000000000000760,61
9011010000900000,2,100009000073000001,,,1,1100000000000000760,73
9011010000900000,2,100009000079000001,,,1,1100000000000000760,79
9011010000900000,2,100009000083000001,,,1,1100000000000000760,83
9011010000900000,2,100009000089000001,,,1,1100000000000000760,89
9011010000900000,2,100009000099000001,,,1,1100000000000000760,99
9011010000900000,2,100009000111000001,,,1,1100000000000000760,111
9011010000900000,2,100009000121000001,,,1,1100000000000000760,121
9011010000900000,2,100009000131000001,,,1,1100000000000000760,131
9011010000900000,2,100009000137000001,,,1,1100000000000000760,137
9011010000900000,2,100009000139000001,,,1,1100000000000000760,139
9011010000900000,2,100009000141000001,,,1,1100000000000000760,141
9011010000900000,2,100009000143000001,,,1,1100000000000000760,143
9011010000900000,2,100009000147000001,,,1,1100000000000000760,147
9011010000900000,2,100009000153000001,,,1,1100000000000000760,153
9011010000900000,2,100009000157000001,,,1,1100000000000000760,157
9011010000900000,2,100009000161000001,,,1,1100000000000000760,161
9011010000900000,2,100009000181000001,,,1,1100000000000000760,181
9011010000900000,2,100009000185000001,,,1,1100000000000000760,185
9011010000900000,2,100009000187000001,,,1,1100000000000000760,187
9011010000900000,2,100009000189000001,,,1,1100000000000000760,189
9011010000900000,2,100009000193000001,,,1,1100000000000000760,193
9011010000900000,2,100009000195000001,,,1,1100000000000000760,195
9011010000900000,2,100009000203000001,,,1,1100000000000000760,203
9011010000900000,2,100009000205000001,,,1,1100000000000000760,205
9011010000900000,2,100009000207000001,,,1,1100000000000000760,207
9011010000900000,2,100009000209000001,,,1,1100000000000000760,209
9011010000900000,2,100009000215000001,,,1,1100000000000000760,215
9011010000900000,2,100009000221000001,,,1,1100000000000000760,221
9011010000900000,2,100009000223000001,,,1,1100000000000000760,223
9011010000900000,2,100009000227000001,,,1,1100000000000000760,227
9011010000900000,2,100009000237000001,,,1,1100000000000000760,237
9011010000900000,2,100009000241000001,,,1,1100000000000000760,241
9011010000900000,2,100009000247000001,,,1,1100000000000000760,247
9011010000900000,2,100009000249000001,,,1,1100000000000000760,249
9011010001200000,12,100012000001000001,,,1,1100000000000000097,1
9011010001200000,12,100012000013000001,,,1,1100000000000000096,13
9011010001200000,14,100012000001000002,,,1,1100000000000000097,1
9011010001200000,14,100012000003000001,,,1,1100000000000000099,3
9011010001200000,12,100012000003000002,,,1,1100000000000000099,3
9011010001200000,14,100012000012000001,,,0,1100000000000000098,12
9011010001200000,12,100012000016000001,,,0,1100000000000000098,16
9011010001200000,12,100012000018000001,,,0,1100000000000000098,18
9011010001200000,14,100012000018000002,,,0,1100000000000000098,18
9011010001200000,18,100012000020000001,,,0,1100000000000000098,20
9011010001200000,14,100012000916000001,,,0,1100000000000000098,916
9011010001200000,12,100012000012000002,,,0,1100000000000000098,12
9011010001200000,12,100012000014000002,,,0,1100000000000000098,14
9011010001200000,14,100012000020000003,,,0,1100000000000000098,20
9011010001200000,12,100012000022000001,,,0,1100000000000000098,22
9011010001200000,14,100012000022000002,,,0,1100000000000000098,22
9011010001200000,14,100012000014000001,,,0,1100000000000000098,14
9011010001200000,28,100012000020000002,,,0,1100000000000000098,20
9011010002000000,40,100020000005000003,,,1,1100000000000000368,5
9011010002000000,37,100020000005000004,,,1,1100000000000000368,5
9011010002000000,40,100020000017000004,,,1,1100000000000000370,17
9011010002000000,21,100020000025000003,,,1,1100000000000000369,25
9011010002000000,29,100020000025000004,,,1,1100000000000000369,25
9011010002000000,19,100020000025000005,,,1,1100000000000000369,25
9011010002000000,39,100020000005000002,,,1,1100000000000000368,5
9011010002000000,26,100020000009000001,,,1,1100000000000000367,9
9011010002000000,11,100020000009000002,,,1,1100000000000000367,9
9011010002000000,14,100020000013000002,,,1,1100000000000000366,13
9011010002000000,36,100020000017000001,,,1,1100000000000000370,17
9011010002000000,18,100020000021000001,,,1,1100000000000000365,21
9011010002000000,35,100020000025000001,,,1,1100000000000000369,25
9011010002000000,37,100020000017000002,,,1,1100000000000000370,17
9011010002000000,39,100020000017000003,,,1,1100000000000000370,17
9011010002000000,36,100020000005000001,,,1,1100000000000000368,5
9011010002000000,1,100020000009000003,,,1,1100000000000000367,9
9011010002000000,12,100020000013000001,,,1,1100000000000000366,13
9011010002000000,30,100020000021000002,,,1,1100000000000000365,21
9011010002000000,23,100020000025000002,,,1,1100000000000000369,25
9011010002000000,11,100020000025000006,,,1,1100000000000000369,25
9011010002000000,37,100020000056000001,,,0,1100000000000000374,56
9011010002000000,29,100020000072000003,,,0,1100000000000000371,72
9011010002000000,23,100020000072000004,,,0,1100000000000000371,72
9011010002000000,14,100020000076000002,,,0,1100000000000000364,76
9011010002000000,41,100020000080000002,,,0,1100000000000000362,80
9011010002000000,19,100020000072000002,,,0,1100000000000000371,72
9011010002000000,21,100020000072000006,,,0,1100000000000000371,72
9011010002000000,38,100020000080000001,,,0,1100000000000000362,80
9011010002000000,16,100020000088000003,,,0,1100000000000000361,88
9011010002000000,40,100020000056000003,,,0,1100000000000000374,56
9011010002000000,14,100020000060000001,,,0,1100000000000000361,60
9011010002000000,12,100020000060000002,,,0,1100000000000000361,60
9011010002000000,14,100020000064000001,,,0,1100000000000000372,64
9011010002000000,12,100020000064000002,,,0,1100000000000000372,64
9011010002000000,11,100020000072000001,,,0,1100000000000000371,72
9011010002000000,14,100020000080000003,,,0,1100000000000000362,80
9011010002000000,2,100020000084000001,,,0,1100000000000000363,84
9011010002000000,9,100020000088000002,,,0,1100000000000000361,88
9011010002000000,39,100020000056000002,,,0,1100000000000000374,56
9011010002000000,36,100020000056000004,,,0,1100000000000000374,56
9011010002000000,12,100020000068000001,,,0,1100000000000000373,68
9011010002000000,14,100020000068000002,,,0,1100000000000000373,68
9011010002000000,35,100020000072000005,,,0,1100000000000000371,72
9011010002000000,12,100020000076000001,,,0,1100000000000000364,76
9011010002000000,14,100020000088000001,,,0,1100000000000000361,88
9011010002100000,2,100021000009000001,,,1,1100000000000000232,9
9011010002100000,3,100021000013000002,,,1,1100000000000000233,13
9011010002100000,1,100021000037000002,,,1,1100000000000000234,37
9011010002100000,1,100021000045000002,,,1,1100000000000000235,45
9011010002100000,2,100021000049000001,,,1,1100000000000000234,49
9011010002100000,2,100021000065000001,,,1,1100000000000000215,65
9011010002100000,1,100021000069000002,,,1,1100000000000000235,69
9011010002100000,11,100021000077000002,,,1,1100000000000000229,77
9011010002100000,16,100021000077000004,,,1,1100000000000000229,77
9011010002100000,2,100021000079000001,,,1,1100000000000000228,79
9011010002100000,14,100021000081000001,,,1,1100000000000000228,81
9011010002100000,2,100021000083000001,,,1,1100000000000000227,83
9011010002100000,16,100021000085000002,,,1,1100000000000000226,85
9011010002100000,6,100021000097000001,,,1,1100000000000000222,97
9011010002100000,6,100021000113000001,,,1,1100000000000000222,113
9011010002100000,6,100021000117000001,,,1,1100000000000000222,117
9011010002100000,6,100021000123000001,,,1,1100000000000000222,123
9011010002100000,7,100021000145000001,,,1,1100000000000000231,145
9011010002100000,7,100021000149000001,,,1,1100000000000000222,149
9011010002100000,7,100021000155000001,,,1,1100000000000000220,155
9011010002100000,7,100021000163000001,,,1,1100000000000000221,163
9011010002100000,7,100021000165000001,,,1,1100000000000000220,165
9011010002100000,7,100021000171000001,,,1,1100000000000000219,171
9011010002100000,2,100021000003000001,,,1,1100000000000000231,3
9011010002100000,2,100021000015000001,,,1,1100000000000000237,15
9011010002100000,2,100021000019000001,,,1,1100000000000000235,19
9011010002100000,3,100021000021000002,,,1,1100000000000000235,21
9011010002100000,2,100021000027000001,,,1,1100000000000000235,27
9011010002100000,2,100021000035000001,,,1,1100000000000000216,35
9011010002100000,3,100021000037000001,,,1,1100000000000000234,37
9011010002100000,2,100021000055000001,,,1,1100000000000000234,55
9011010002100000,2,100021000057000001,,,1,1100000000000000235,57
9011010002100000,2,100021000063000001,,,1,1100000000000000216,63
9011010002100000,2,100021000071000001,,,1,1100000000000000216,71
9011010002100000,2,100021000073000001,,,1,1100000000000000234,73
9011010002100000,11,100021000081000002,,,1,1100000000000000228,81
9011010002100000,33,100021000085000001,,,1,1100000000000000226,85
9011010002100000,11,100021000085000004,,,1,1100000000000000226,85
9011010002100000,1,100021000087000001,,,1,1100000000000000225,87
9011010002100000,6,100021000099000001,,,1,1100000000000000222,99
9011010002100000,6,100021000133000001,,,1,1100000000000000221,133
9011010002100000,6,100021000135000001,,,1,1100000000000000231,135
9011010002100000,6,100021000137000001,,,1,1100000000000000231,137
9011010002100000,6,100021000143000001,,,1,1100000000000000231,143
9011010002100000,7,100021000151000001,,,1,1100000000000000222,151
9011010002100000,7,100021000159000001,,,1,1100000000000000220,159
9011010002100000,7,100021000169000001,,,1,1100000000000000230,169
9011010002100000,7,100021000173000001,,,1,1100000000000000218,173
9011010002100000,3,100021000005000001,,,1,1100000000000000231,5
9011010002100000,2,100021000011000001,,,1,1100000000000000233,11
9011010002100000,1,100021000021000001,,,1,1100000000000000235,21
9011010002100000,2,100021000023000001,,,1,1100000000000000216,23
9011010002100000,3,100021000029000001,,,1,1100000000000000216,29
9011010002100000,1,100021000029000002,,,1,1100000000000000216,29
9011010002100000,2,100021000047000001,,,1,1100000000000000216,47
9011010002100000,3,100021000053000001,,,1,1100000000000000216,53
9011010002100000,1,100021000053000002,,,1,1100000000000000216,53
9011010002100000,2,100021000059000001,,,1,1100000000000000216,59
9011010002100000,3,100021000061000001,,,1,1100000000000000234,61
9011010002100000,2,100021000067000001,,,1,1100000000000000215,67
9011010002100000,14,100021000077000001,,,1,1100000000000000229,77
9011010002100000,33,100021000077000003,,,1,1100000000000000229,77
9011010002100000,33,100021000081000003,,,1,1100000000000000228,81
9011010002100000,16,100021000081000004,,,1,1100000000000000228,81
9011010002100000,14,100021000085000003,,,1,1100000000000000226,85
9011010002100000,1,100021000089000002,,,1,1100000000000000224,89
9011010002100000,1,100021000091000001,,,1,1100000000000000236,91
9011010002100000,3,100021000091000002,,,1,1100000000000000236,91
9011010002100000,6,100021000095000001,,,1,1100000000000000222,95
9011010002100000,6,100021000101000001,,,1,1100000000000000222,101
9011010002100000,6,100021000107000001,,,1,1100000000000000222,107
9011010002100000,6,100021000111000001,,,1,1100000000000000222,111
9011010002100000,6,100021000119000001,,,1,1100000000000000222,119
9011010002100000,6,100021000121000001,,,1,1100000000000000222,121
9011010002100000,6,100021000127000001,,,1,1100000000000000222,127
9011010002100000,6,100021000129000001,,,1,1100000000000000221,129
9011010002100000,6,100021000141000001,,,1,1100000000000000231,141
9011010002100000,7,100021000147000001,,,1,1100000000000000222,147
9011010002100000,7,100021000157000001,,,1,1100000000000000220,157
9011010002100000,7,100021000161000001,,,1,1100000000000000220,161
9011010002100000,2,100021000001000001,,,1,1100000000000000230,1
9011010002100000,1,100021000005000002,,,1,1100000000000000231,5
9011010002100000,2,100021000007000001,,,1,1100000000000000232,7
9011010002100000,1,100021000013000001,,,1,1100000000000000233,13
9011010002100000,2,100021000017000001,,,1,1100000000000000234,17
9011010002100000,2,100021000025000001,,,1,1100000000000000234,25
9011010002100000,2,100021000031000001,,,1,1100000000000000234,31
9011010002100000,2,100021000033000001,,,1,1100000000000000235,33
9011010002100000,2,100021000039000001,,,1,1100000000000000235,39
9011010002100000,2,100021000041000001,,,1,1100000000000000216,41
9011010002100000,2,100021000043000001,,,1,1100000000000000234,43
9011010002100000,3,100021000045000001,,,1,1100000000000000235,45
9011010002100000,2,100021000051000001,,,1,1100000000000000235,51
9011010002100000,1,100021000061000002,,,1,1100000000000000234,61
9011010002100000,3,100021000069000001,,,1,1100000000000000235,69
9011010002100000,2,100021000075000001,,,1,1100000000000000235,75
9011010002100000,3,100021000087000002,,,1,1100000000000000225,87
9011010002100000,3,100021000089000001,,,1,1100000000000000224,89
9011010002100000,3,100021000093000001,,,1,1100000000000000223,93
9011010002100000,6,100021000103000001,,,1,1100000000000000222,103
9011010002100000,6,100021000105000001,,,1,1100000000000000222,105
9011010002100000,6,100021000109000001,,,1,1100000000000000222,109
9011010002100000,6,100021000115000001,,,1,1100000000000000222,115
9011010002100000,6,100021000125000001,,,1,1100000000000000222,125
9011010002100000,6,100021000131000001,,,1,1100000000000000222,131
9011010002100000,6,100021000139000001,,,1,1100000000000000231,139
9011010002100000,7,100021000153000001,,,1,1100000000000000222,153
9011010002100000,7,100021000167000001,,,1,1100000000000000221,167
9011010002100000,7,100021000175000001,,,1,1100000000000000218,175
9011010002100000,8,100021000177000001,,,1,1100000000000000217,177
9011010002100000,2,100021000002000001,,,0,1100000000000000247,2
9011010002100000,1,100021000004000001,,,0,1100000000000000246,4
9011010002100000,2,100021000006000001,,,0,1100000000000000245,6
9011010002100000,2,100021000008000001,,,0,1100000000000000244,8
9011010002100000,3,100021000018000001,,,0,1100000000000000241,18
9011010002100000,2,100021000024000001,,,0,1100000000000000241,24
9011010002100000,2,100021000038000001,,,0,1100000000000000243,38
9011010002100000,1,100021000042000002,,,0,1100000000000000241,42
9011010002100000,2,100021000064000001,,,0,1100000000000000244,64
9011010002100000,2,100021000070000001,,,0,1100000000000000244,70
9011010002100000,11,100021000076000002,,,0,1100000000000000241,76
9011010002100000,33,100021000076000003,,,0,1100000000000000241,76
9011010002100000,2,100021000078000001,,,0,1100000000000000241,78
9011010002100000,2,100021000080000001,,,0,1100000000000000248,80
9011010002100000,11,100021000082000002,,,0,1100000000000000250,82
9011010002100000,2,100021000084000001,,,0,1100000000000000248,84
9011010002100000,11,100021000086000002,,,0,1100000000000000250,86
9011010002100000,1,100021000090000002,,,0,1100000000000000250,90
9011010002100000,3,100021000094000001,,,0,1100000000000000246,94
9011010002100000,6,100021000108000001,,,0,1100000000000000252,108
9011010002100000,6,100021000118000001,,,0,1100000000000000252,118
9011010002100000,6,100021000122000001,,,0,1100000000000000252,122
9011010002100000,6,100021000132000001,,,0,1100000000000000251,132
9011010002100000,6,100021000134000001,,,0,1100000000000000252,134
9011010002100000,6,100021000142000001,,,0,1100000000000000252,142
9011010002100000,6,100021000144000001,,,0,1100000000000000252,144
9011010002100000,7,100021000148000001,,,0,1100000000000000252,148
9011010002100000,7,100021000152000001,,,0,1100000000000000252,152
9011010002100000,7,100021000156000001,,,0,1100000000000000252,156
9011010002100000,7,100021000158000001,,,0,1100000000000000249,158
9011010002100000,7,100021000162000001,,,0,1100000000000000249,162
9011010002100000,7,100021000168000001,,,0,1100000000000000249,168
9011010002100000,2,100021000012000001,,,0,1100000000000000243,12
9011010002100000,3,100021000042000001,,,0,1100000000000000241,42
9011010002100000,2,100021000044000001,,,0,1100000000000000243,44
9011010002100000,2,100021000052000001,,,0,1100000000000000244,52
9011010002100000,2,100021000054000001,,,0,1100000000000000241,54
9011010002100000,2,100021000060000001,,,0,1100000000000000243,60
9011010002100000,1,100021000066000002,,,0,1100000000000000241,66
9011010002100000,2,100021000068000001,,,0,1100000000000000243,68
9011010002100000,2,100021000072000001,,,0,1100000000000000241,72
9011010002100000,2,100021000088000001,,,0,1100000000000000248,88
9011010002100000,6,100021000096000001,,,0,1100000000000000252,96
9011010002100000,6,100021000114000001,,,0,1100000000000000252,114
9011010002100000,6,100021000120000001,,,0,1100000000000000252,120
9011010002100000,6,100021000128000001,,,0,1100000000000000251,128
9011010002100000,6,100021000130000001,,,0,1100000000000000252,130
9011010002100000,6,100021000136000001,,,0,1100000000000000252,136
9011010002100000,6,100021000140000001,,,0,1100000000000000252,140
9011010002100000,6,100021000146000001,,,0,1100000000000000240,146
9011010002100000,7,100021000170000001,,,0,1100000000000000251,170
9011010002100000,7,100021000174000001,,,0,1100000000000000251,174
9011010002100000,7,100021000178000001,,,0,1100000000000000239,178
9011010002100000,8,100021000180000001,,,0,1100000000000000214,180
9011010002100000,3,100021000010000002,,,0,1100000000000000244,10
9011010002100000,2,100021000016000001,,,0,1100000000000000241,16
9011010002100000,2,100021000020000001,,,0,1100000000000000243,20
9011010002100000,3,100021000026000002,,,0,1100000000000000243,26
9011010002100000,2,100021000030000001,,,0,1100000000000000241,30
9011010002100000,1,100021000034000002,,,0,1100000000000000244,34
9011010002100000,2,100021000040000001,,,0,1100000000000000244,40
9011010002100000,2,100021000046000001,,,0,1100000000000000244,46
9011010002100000,3,100021000050000001,,,0,1100000000000000243,50
9011010002100000,3,100021000066000001,,,0,1100000000000000241,66
9011010002100000,3,100021000074000001,,,0,1100000000000000243,74
9011010002100000,1,100021000074000002,,,0,1100000000000000243,74
9011010002100000,14,100021000076000001,,,0,1100000000000000241,76
9011010002100000,16,100021000076000004,,,0,1100000000000000241,76
9011010002100000,14,100021000086000001,,,0,1100000000000000250,86
9011010002100000,6,100021000110000001,,,0,1100000000000000252,110
9011010002100000,6,100021000112000001,,,0,1100000000000000252,112
9011010002100000,6,100021000126000001,,,0,1100000000000000252,126
9011010002100000,7,100021000154000001,,,0,1100000000000000252,154
9011010002100000,7,100021000164000001,,,0,1100000000000000249,164
9011010002100000,7,100021000166000001,,,0,1100000000000000251,166
9011010002100000,7,100021000172000001,,,0,1100000000000000249,172
9011010002100000,7,100021000176000001,,,0,1100000000000000249,176
9011010002100000,8,100021000182000001,,,0,1100000000000000238,182
9011010002100000,3,100021000004000002,,,0,1100000000000000246,4
9011010002100000,1,100021000010000001,,,0,1100000000000000244,10
9011010002100000,2,100021000014000001,,,0,1100000000000000242,14
9011010002100000,1,100021000018000002,,,0,1100000000000000241,18
9011010002100000,2,100021000022000001,,,0,1100000000000000244,22
9011010002100000,1,100021000026000001,,,0,1100000000000000243,26
9011010002100000,2,100021000028000001,,,0,1100000000000000244,28
9011010002100000,2,100021000032000001,,,0,1100000000000000243,32
9011010002100000,3,100021000034000001,,,0,1100000000000000244,34
9011010002100000,2,100021000036000001,,,0,1100000000000000241,36
9011010002100000,2,100021000048000001,,,0,1100000000000000241,48
9011010002100000,1,100021000050000002,,,0,1100000000000000243,50
9011010002100000,2,100021000056000001,,,0,1100000000000000243,56
9011010002100000,3,100021000058000001,,,0,1100000000000000244,58
9011010002100000,1,100021000058000002,,,0,1100000000000000244,58
9011010002100000,2,100021000062000001,,,0,1100000000000000244,62
9011010002100000,14,100021000082000001,,,0,1100000000000000250,82
9011010002100000,33,100021000082000003,,,0,1100000000000000250,82
9011010002100000,16,100021000082000004,,,0,1100000000000000250,82
9011010002100000,33,100021000086000003,,,0,1100000000000000250,86
9011010002100000,16,100021000086000004,,,0,1100000000000000250,86
9011010002100000,3,100021000090000001,,,0,1100000000000000250,90
9011010002100000,3,100021000092000001,,,0,1100000000000000247,92
9011010002100000,1,100021000092000002,,,0,1100000000000000247,92
9011010002100000,6,100021000098000001,,,0,1100000000000000252,98
9011010002100000,6,100021000100000001,,,0,1100000000000000252,100
9011010002100000,6,100021000102000001,,,0,1100000000000000252,102
9011010002100000,6,100021000104000001,,,0,1100000000000000252,104
9011010002100000,6,100021000106000001,,,0,1100000000000000252,106
9011010002100000,6,100021000116000001,,,0,1100000000000000252,116
9011010002100000,6,100021000124000001,,,0,1100000000000000252,124
9011010002100000,6,100021000138000001,,,0,1100000000000000252,138
9011010002100000,7,100021000150000001,,,0,1100000000000000252,150
9011010002100000,7,100021000160000001,,,0,1100000000000000249,160
9011010002200000,14,100022000011000002,,,1,1100000000000000376,11
9011010002200000,9,100022000015000003,,,1,1100000000000000376,15
9011010002200000,14,100022000023000001,,,1,1100000000000000380,23
9011010002200000,6,100022000027000001,,,1,1100000000000000379,27
9011010002200000,7,100022000041000001,,,1,1100000000000000379,41
9011010002200000,7,100022000047000001,,,1,1100000000000000379,47
9011010002200000,10,100022000001000001,,,1,1100000000000000377,1
9011010002200000,9,100022000001000002,,,1,1100000000000000377,1
9011010002200000,11,100022000003000002,,,1,1100000000000000378,3
9011010002200000,12,100022000005000001,,,1,1100000000000000378,5
9011010002200000,14,100022000005000002,,,1,1100000000000000378,5
9011010002200000,12,100022000007000001,,,1,1100000000000000376,7
9011010002200000,42,100022000017000001,,,1,1100000000000000376,17
9011010002200000,43,100022000017000003,,,1,1100000000000000376,17
9011010002200000,44,100022000019000001,,,1,1100000000000000376,19
9011010002200000,45,100022000019000002,,,1,1100000000000000376,19
9011010002200000,9,100022000021000001,,,1,1100000000000000380,21
9011010002200000,6,100022000031000001,,,1,1100000000000000379,31
9011010002200000,6,100022000033000001,,,1,1100000000000000379,33
9011010002200000,7,100022000045000001,,,1,1100000000000000379,45
9011010002200000,43,100022000819000002,,,1,1100000000000000376,819
9011010002200000,14,100022000003000001,,,1,1100000000000000378,3
9011010002200000,16,100022000003000004,,,1,1100000000000000378,3
9011010002200000,12,100022000009000001,,,1,1100000000000000376,9
9011010002200000,12,100022000013000001,,,1,1100000000000000376,13
9011010002200000,14,100022000015000002,,,1,1100000000000000376,15
9011010002200000,44,100022000017000002,,,1,1100000000000000376,17
9011010002200000,6,100022000035000001,,,1,1100000000000000379,35
9011010002200000,6,100022000037000001,,,1,1100000000000000375,37
9011010002200000,7,100022000039000001,,,1,1100000000000000379,39
9011010002200000,7,100022000049000001,,,1,1100000000000000375,49
9011010002200000,33,100022000003000003,,,1,1100000000000000378,3
9011010002200000,14,100022000007000002,,,1,1100000000000000376,7
9011010002200000,14,100022000009000002,,,1,1100000000000000376,9
9011010002200000,12,100022000011000001,,,1,1100000000000000376,11
9011010002200000,14,100022000013000002,,,1,1100000000000000376,13
9011010002200000,16,100022000015000001,,,1,1100000000000000376,15
9011010002200000,45,100022000017000004,,,1,1100000000000000376,17
9011010002200000,10,100022000021000002,,,1,1100000000000000380,21
9011010002200000,33,100022000023000002,,,1,1100000000000000380,23
9011010002200000,11,100022000023000003,,,1,1100000000000000380,23
9011010002200000,16,100022000023000004,,,1,1100000000000000380,23
9011010002200000,6,100022000029000001,,,1,1100000000000000379,29
9011010002200000,7,100022000043000001,,,1,1100000000000000379,43
9011010002200000,42,100022000819000001,,,1,1100000000000000376,819
9011010002200000,12,100022000008000002,,,0,1100000000000000384,8
9011010002200000,12,100022000010000001,,,0,1100000000000000384,10
9011010002200000,45,100022000018000001,,,0,1100000000000000385,18
9011010002200000,43,100022000018000002,,,0,1100000000000000385,18
9011010002200000,44,100022000020000001,,,0,1100000000000000385,20
9011010002200000,9,100022000022000001,,,0,1100000000000000386,22
9011010002200000,14,100022000024000003,,,0,1100000000000000387,24
9011010002200000,6,100022000034000001,,,0,1100000000000000388,34
9011010002200000,14,100022000008000001,,,0,1100000000000000384,8
9011010002200000,12,100022000014000001,,,0,1100000000000000385,14
9011010002200000,9,100022000016000001,,,0,1100000000000000385,16
9011010002200000,16,100022000016000002,,,0,1100000000000000385,16
9011010002200000,33,100022000024000002,,,0,1100000000000000387,24
9011010002200000,6,100022000030000001,,,0,1100000000000000388,30
9011010002200000,7,100022000046000001,,,0,1100000000000000388,46
9011010002200000,7,100022000050000001,,,0,1100000000000000389,50
9011010002200000,9,100022000002000001,,,0,1100000000000000381,2
9011010002200000,14,100022000004000001,,,0,1100000000000000382,4
9011010002200000,33,100022000004000003,,,0,1100000000000000382,4
9011010002200000,14,100022000010000002,,,0,1100000000000000384,10
9011010002200000,14,100022000012000002,,,0,1100000000000000385,12
9011010002200000,14,100022000016000003,,,0,1100000000000000385,16
9011010002200000,42,100022000018000003,,,0,1100000000000000385,18
9011010002200000,44,100022000018000004,,,0,1100000000000000385,18
9011010002200000,45,100022000020000002,,,0,1100000000000000385,20
9011010002200000,10,100022000022000002,,,0,1100000000000000386,22
9011010002200000,11,100022000024000004,,,0,1100000000000000387,24
9011010002200000,6,100022000032000001,,,0,1100000000000000388,32
9011010002200000,7,100022000044000001,,,0,1100000000000000388,44
9011010002200000,7,100022000048000001,,,0,1100000000000000388,48
9011010002200000,42,100022000820000001,,,0,1100000000000000385,820
9011010002200000,43,100022000820000002,,,0,1100000000000000385,820
9011010002200000,10,100022000002000002,,,0,1100000000000000381,2
9011010002200000,11,100022000004000002,,,0,1100000000000000382,4
9011010002200000,16,100022000004000004,,,0,1100000000000000382,4
9011010002200000,12,100022000006000001,,,0,1100000000000000383,6
9011010002200000,14,100022000006000002,,,0,1100000000000000383,6
9011010002200000,12,100022000012000001,,,0,1100000000000000385,12
9011010002200000,14,100022000014000002,,,0,1100000000000000385,14
9011010002200000,16,100022000024000001,,,0,1100000000000000387,24
9011010002200000,6,100022000028000001,,,0,1100000000000000388,28
9011010002200000,6,100022000036000001,,,0,1100000000000000388,36
9011010002200000,6,100022000038000001,,,0,1100000000000000389,38
9011010002200000,7,100022000040000001,,,0,1100000000000000388,40
9011010002200000,7,100022000042000001,,,0,1100000000000000388,42
9011010002600000,14,100026000003000002,,,1,1100000000000000539,3
9011010002600000,45,100026000009000003,,,1,1100000000000000539,9
9011010002600000,14,100026000901000001,,,1,1100000000000000540,901
9011010002600000,12,100026000007000001,,,1,1100000000000000539,7
9011010002600000,43,100026000009000004,,,1,1100000000000000539,9
9011010002600000,14,100026000007000002,,,1,1100000000000000539,7
9011010002600000,44,100026000009000002,,,1,1100000000000000539,9
9011010002600000,42,100026000811000001,,,1,1100000000000000539,811
9011010002600000,44,100026000001000001,,,1,1100000000000000540,1
9011010002600000,42,100026000001000002,,,1,1100000000000000540,1
9011010002600000,12,100026000003000001,,,1,1100000000000000539,3
9011010002600000,12,100026000005000001,,,1,1100000000000000539,5
9011010002600000,14,100026000005000002,,,1,1100000000000000539,5
9011010002600000,42,100026000009000001,,,1,1100000000000000539,9
9011010002600000,44,100026000011000001,,,1,1100000000000000539,11
9011010002600000,45,100026000011000002,,,1,1100000000000000539,11
9011010002600000,43,100026000811000002,,,1,1100000000000000539,811
9011010003000000,28,100030000007000001,,,1,1100000000000000523,7
9011010003000000,18,100030000007000002,,,1,1100000000000000523,7
9011010003000000,32,100030000015000001,,,1,1100000000000000523,15
9011010003000000,18,100030000011000001,,,1,1100000000000000523,11
9011010003000000,15,100030000015000002,,,1,1100000000000000523,15
9011010003000000,2,100030000023000001,,,1,1100000000000000524,23
9011010003000000,12,100030000027000001,,,1,1100000000000000525,27
9011010003000000,30,100030000011000002,,,1,1100000000000000523,11
9011010003000000,14,100030000927000001,,,1,1100000000000000525,927
9011010003000000,14,100030000007000003,,,1,1100000000000000523,7
9011010003000000,2,100030000019000001,,,1,1100000000000000522,19
9011010003000000,14,100030000058000001,,,0,1100000000000000520,58
9011010003000000,9,100030000058000002,,,0,1100000000000000520,58
9011010003000000,16,100030000058000003,,,0,1100000000000000520,58
9011010003000000,14,100030000070000003,,,0,1100000000000000519,70
9011010003000000,18,100030000074000001,,,0,1100000000000000521,74
9011010003000000,14,100030000078000001,,,0,1100000000000000521,78
9011010003000000,14,100030000062000003,,,0,1100000000000000520,62
9011010003000000,41,100030000070000002,,,0,1100000000000000519,70
9011010003000000,30,100030000074000002,,,0,1100000000000000521,74
9011010003000000,2,100030000086000001,,,0,1100000000000000520,86
9011010003000000,14,100030000090000003,,,0,1100000000000000520,90
9011010003000000,38,100030000062000001,,,0,1100000000000000520,62
9011010003000000,38,100030000070000001,,,0,1100000000000000519,70
9011010003000000,12,100030000078000002,,,0,1100000000000000521,78
9011010003000000,18,100030000090000001,,,0,1100000000000000520,90
9011010003000000,28,100030000090000002,,,0,1100000000000000520,90
9011010003000000,41,100030000062000002,,,0,1100000000000000520,62
9011010003000000,2,100030000066000001,,,0,1100000000000000519,66
9011010003000000,14,100030000082000001,,,0,1100000000000000519,82
9011010003000000,16,100030000082000002,,,0,1100000000000000519,82
9011010003000000,9,100030000082000003,,,0,1100000000000000519,82
9011010003100000,2,100031000003000001,,,1,1100000000000000257,3
9011010003100000,2,100031000015000001,,,1,1100000000000000257,15
9011010003100000,46,100031000031000001,,,1,1100000000000000257,31
9011010003100000,2,100031000037000001,,,1,1100000000000000257,37
9011010003100000,47,100031000043000001,,,1,1100000000000000257,43
9011010003100000,48,100031000043000003,,,1,1100000000000000257,43
9011010003100000,1,100031000045000002,,,1,1100000000000000257,45
9011010003100000,3,100031000053000001,,,1,1100000000000000268,53
9011010003100000,2,100031000055000001,,,1,1100000000000000268,55
9011010003100000,3,100031000067000001,,,1,1100000000000000268,67
9011010003100000,49,100031000069000004,,,1,1100000000000000263,69
9011010003100000,48,100031000071000002,,,1,1100000000000000264,71
9011010003100000,6,100031000073000001,,,1,1100000000000000266,73
9011010003100000,6,100031000083000001,,,1,1100000000000000267,83
9011010003100000,6,100031000101000001,,,1,1100000000000000267,101
9011010003100000,6,100031000103000001,,,1,1100000000000000267,103
9011010003100000,6,100031000107000001,,,1,1100000000000000267,107
9011010003100000,6,100031000123000001,,,1,1100000000000000264,123
9011010003100000,7,100031000131000001,,,1,1100000000000000267,131
9011010003100000,7,100031000133000001,,,1,1100000000000000267,133
9011010003100000,7,100031000145000001,,,1,1100000000000000267,145
9011010003100000,7,100031000147000001,,,1,1100000000000000267,147
9011010003100000,7,100031000149000001,,,1,1100000000000000265,149
9011010003100000,50,100031000153000002,,,1,1100000000000000267,153
9011010003100000,8,100031000159000001,,,1,1100000000000000255,159
9011010003100000,8,100031000161000001,,,1,1100000000000000255,161
9011010003100000,51,100031000503000002,,,1,1100000000000000253,503
9011010003100000,49,100031000509000001,,,1,1100000000000000253,509
9011010003100000,48,100031000509000002,,,1,1100000000000000253,509
9011010003100000,2,100031000513000001,,,1,1100000000000000253,513
9011010003100000,2,100031000519000001,,,1,1100000000000000253,519
9011010003100000,14,100031000913000001,,,1,1100000000000000261,913
9011010003100000,51,100031000001000002,,,1,1100000000000000256,1
9011010003100000,52,100031000001000003,,,1,1100000000000000256,1
9011010003100000,51,100031000005000001,,,1,1100000000000000257,5
9011010003100000,48,100031000009000001,,,1,1100000000000000258,9
9011010003100000,47,100031000009000003,,,1,1100000000000000258,9
9011010003100000,2,100031000019000001,,,1,1100000000000000257,19
9011010003100000,51,100031000021000001,,,1,1100000000000000257,21
9011010003100000,47,100031000023000001,,,1,1100000000000000257,23
9011010003100000,49,100031000023000004,,,1,1100000000000000257,23
9011010003100000,2,100031000025000001,,,1,1100000000000000257,25
9011010003100000,49,100031000029000001,,,1,1100000000000000257,29
9011010003100000,53,100031000043000002,,,1,1100000000000000257,43
9011010003100000,3,100031000045000001,,,1,1100000000000000257,45
9011010003100000,2,100031000051000001,,,1,1100000000000000257,51
9011010003100000,1,100031000053000002,,,1,1100000000000000268,53
9011010003100000,2,100031000057000001,,,1,1100000000000000268,57
9011010003100000,2,100031000059000001,,,1,1100000000000000268,59
9011010003100000,3,100031000061000001,,,1,1100000000000000268,61
9011010003100000,47,100031000069000001,,,1,1100000000000000263,69
9011010003100000,6,100031000075000001,,,1,1100000000000000267,75
9011010003100000,6,100031000079000001,,,1,1100000000000000267,79
9011010003100000,6,100031000113000001,,,1,1100000000000000267,113
9011010003100000,54,100031000117000001,,,1,1100000000000000267,117
9011010003100000,55,100031000121000002,,,1,1100000000000000264,121
9011010003100000,7,100031000125000001,,,1,1100000000000000266,125
9011010003100000,7,100031000135000001,,,1,1100000000000000267,135
9011010003100000,7,100031000139000001,,,1,1100000000000000267,139
9011010003100000,7,100031000141000001,,,1,1100000000000000267,141
9011010003100000,8,100031000153000001,,,1,1100000000000000267,153
9011010003100000,7,100031000155000001,,,1,1100000000000000267,155
9011010003100000,8,100031000163000001,,,1,1100000000000000267,163
9011010003100000,2,100031000501000001,,,1,1100000000000000253,501
9011010003100000,2,100031000511000001,,,1,1100000000000000253,511
9011010003100000,2,100031000515000001,,,1,1100000000000000253,515
9011010003100000,3,100031000517000001,,,1,1100000000000000253,517
9011010003100000,51,100031000521000002,,,1,1100000000000000253,521
9011010003100000,47,100031000523000002,,,1,1100000000000000253,523
9011010003100000,2,100031000525000001,,,1,1100000000000000253,525
9011010003100000,2,100031000535000001,,,1,1100000000000000253,535
9011010003100000,2,100031000701000001,,,1,1100000000000000261,701
9011010003100000,49,100031000009000002,,,1,1100000000000000258,9
9011010003100000,2,100031000013000001,,,1,1100000000000000257,13
9011010003100000,3,100031000017000001,,,1,1100000000000000260,17
9011010003100000,51,100031000017000002,,,1,1100000000000000260,17
9011010003100000,52,100031000017000003,,,1,1100000000000000260,17
9011010003100000,2,100031000027000001,,,1,1100000000000000257,27
9011010003100000,48,100031000029000002,,,1,1100000000000000257,29
9011010003100000,47,100031000029000003,,,1,1100000000000000257,29
9011010003100000,2,100031000035000001,,,1,1100000000000000257,35
9011010003100000,2,100031000039000001,,,1,1100000000000000257,39
9011010003100000,2,100031000041000001,,,1,1100000000000000257,41
9011010003100000,1,100031000067000002,,,1,1100000000000000268,67
9011010003100000,48,100031000069000003,,,1,1100000000000000263,69
9011010003100000,47,100031000071000001,,,1,1100000000000000264,71
9011010003100000,6,100031000077000001,,,1,1100000000000000267,77
9011010003100000,6,100031000085000001,,,1,1100000000000000267,85
9011010003100000,6,100031000087000001,,,1,1100000000000000267,87
9011010003100000,6,100031000089000001,,,1,1100000000000000267,89
9011010003100000,6,100031000091000001,,,1,1100000000000000267,91
9011010003100000,6,100031000095000001,,,1,1100000000000000267,95
9011010003100000,6,100031000097000001,,,1,1100000000000000267,97
9011010003100000,6,100031000099000001,,,1,1100000000000000267,99
9011010003100000,6,100031000105000001,,,1,1100000000000000267,105
9011010003100000,6,100031000111000001,,,1,1100000000000000267,111
9011010003100000,7,100031000127000001,,,1,1100000000000000267,127
9011010003100000,7,100031000129000001,,,1,1100000000000000267,129
9011010003100000,7,100031000137000001,,,1,1100000000000000267,137
9011010003100000,7,100031000143000001,,,1,1100000000000000267,143
9011010003100000,7,100031000151000001,,,1,1100000000000000267,151
9011010003100000,50,100031000157000001,,,1,1100000000000000254,157
9011010003100000,52,100031000503000003,,,1,1100000000000000253,503
9011010003100000,2,100031000505000001,,,1,1100000000000000253,505
9011010003100000,47,100031000509000003,,,1,1100000000000000253,509
9011010003100000,52,100031000517000003,,,1,1100000000000000253,517
9011010003100000,56,100031000521000001,,,1,1100000000000000253,521
9011010003100000,49,100031000523000001,,,1,1100000000000000253,523
9011010003100000,53,100031000523000003,,,1,1100000000000000253,523
9011010003100000,2,100031000527000001,,,1,1100000000000000253,527
9011010003100000,47,100031000529000001,,,1,1100000000000000253,529
9011010003100000,48,100031000529000002,,,1,1100000000000000253,529
9011010003100000,49,100031000529000003,,,1,1100000000000000253,529
9011010003100000,46,100031000531000001,,,1,1100000000000000253,531
9011010003100000,2,100031000537000001,,,1,1100000000000000253,537
9011010003100000,2,100031000539000001,,,1,1100000000000000253,539
9011010003100000,18,100031000713000001,,,1,1100000000000000261,713
9011010003100000,3,100031000001000001,,,1,1100000000000000256,1
9011010003100000,56,100031000005000002,,,1,1100000000000000257,5
9011010003100000,53,100031000009000004,,,1,1100000000000000258,9
9011010003100000,2,100031000011000001,,,1,1100000000000000257,11
9011010003100000,56,100031000021000002,,,1,1100000000000000257,21
9011010003100000,53,100031000023000002,,,1,1100000000000000257,23
9011010003100000,48,100031000023000003,,,1,1100000000000000257,23
9011010003100000,53,100031000029000004,,,1,1100000000000000257,29
9011010003100000,57,100031000031000002,,,1,1100000000000000257,31
9011010003100000,2,100031000033000001,,,1,1100000000000000257,33
9011010003100000,49,100031000043000004,,,1,1100000000000000257,43
9011010003100000,2,100031000047000001,,,1,1100000000000000257,47
9011010003100000,2,100031000049000001,,,1,1100000000000000257,49
9011010003100000,1,100031000061000002,,,1,1100000000000000268,61
9011010003100000,2,100031000065000001,,,1,1100000000000000262,65
9011010003100000,53,100031000069000002,,,1,1100000000000000263,69
9011010003100000,6,100031000081000001,,,1,1100000000000000267,81
9011010003100000,6,100031000093000001,,,1,1100000000000000267,93
9011010003100000,6,100031000109000001,,,1,1100000000000000267,109
9011010003100000,6,100031000115000001,,,1,1100000000000000267,115
9011010003100000,55,100031000117000002,,,1,1100000000000000267,117
9011010003100000,6,100031000119000001,,,1,1100000000000000267,119
9011010003100000,54,100031000121000001,,,1,1100000000000000264,121
9011010003100000,3,100031000503000001,,,1,1100000000000000253,503
9011010003100000,51,100031000507000001,,,1,1100000000000000253,507
9011010003100000,56,100031000507000002,,,1,1100000000000000253,507
9011010003100000,53,100031000509000004,,,1,1100000000000000253,509
9011010003100000,51,100031000517000002,,,1,1100000000000000253,517
9011010003100000,48,100031000523000004,,,1,1100000000000000253,523
9011010003100000,53,100031000529000004,,,1,1100000000000000253,529
9011010003100000,57,100031000531000002,,,1,1100000000000000253,531
9011010003100000,2,100031000533000001,,,1,1100000000000000253,533
9011010003100000,2,100031000705000001,,,1,1100000000000000259,705
9011010003100000,28,100031000713000002,,,1,1100000000000000261,713
9011010003100000,2,100031000002000001,,,0,1100000000000000284,2
9011010003100000,47,100031000006000001,,,0,1100000000000000282,6
9011010003100000,49,100031000072000001,,,0,1100000000000000271,72
9011010003100000,3,100031000076000001,,,0,1100000000000000271,76
9011010003100000,2,100031000084000001,,,0,1100000000000000271,84
9011010003100000,1,100031000110000002,,,0,1100000000000000275,110
9011010003100000,49,100031000122000001,,,0,1100000000000000283,122
9011010003100000,47,100031000128000001,,,0,1100000000000000285,128
9011010003100000,6,100031000134000001,,,0,1100000000000000280,134
9011010003100000,6,100031000138000001,,,0,1100000000000000280,138
9011010003100000,6,100031000140000001,,,0,1100000000000000280,140
9011010003100000,6,100031000146000001,,,0,1100000000000000280,146
9011010003100000,6,100031000154000001,,,0,1100000000000000280,154
9011010003100000,6,100031000160000001,,,0,1100000000000000280,160
9011010003100000,6,100031000168000001,,,0,1100000000000000280,168
9011010003100000,7,100031000182000001,,,0,1100000000000000280,182
9011010003100000,7,100031000184000001,,,0,1100000000000000280,184
9011010003100000,7,100031000194000001,,,0,1100000000000000280,194
9011010003100000,7,100031000206000001,,,0,1100000000000000280,206
9011010003100000,8,100031000214000001,,,0,1100000000000000280,214
9011010003100000,3,100031000504000002,,,0,1100000000000000269,504
9011010003100000,51,100031000504000003,,,0,1100000000000000269,504
9011010003100000,2,100031000516000001,,,0,1100000000000000269,516
9011010003100000,53,100031000524000001,,,0,1100000000000000269,524
9011010003100000,47,100031000524000004,,,0,1100000000000000269,524
9011010003100000,2,100031000528000001,,,0,1100000000000000269,528
9011010003100000,47,100031000530000001,,,0,1100000000000000269,530
9011010003100000,49,100031000530000004,,,0,1100000000000000269,530
9011010003100000,46,100031000532000001,,,0,1100000000000000269,532
9011010003100000,2,100031000536000001,,,0,1100000000000000269,536
9011010003100000,2,100031000538000001,,,0,1100000000000000269,538
9011010003100000,2,100031000540000001,,,0,1100000000000000269,540
9011010003100000,56,100031000704000002,,,0,1100000000000000273,704
9011010003100000,2,100031000008000001,,,0,1100000000000000270,8
9011010003100000,2,100031000012000001,,,0,1100000000000000271,12
9011010003100000,52,100031000020000002,,,0,1100000000000000271,20
9011010003100000,53,100031000032000002,,,0,1100000000000000271,32
9011010003100000,49,100031000032000004,,,0,1100000000000000271,32
9011010003100000,53,100031000044000003,,,0,1100000000000000271,44
9011010003100000,46,100031000048000001,,,0,1100000000000000271,48
9011010003100000,57,100031000048000002,,,0,1100000000000000271,48
9011010003100000,2,100031000056000001,,,0,1100000000000000271,56
9011010003100000,2,100031000068000001,,,0,1100000000000000271,68
9011010003100000,47,100031000072000003,,,0,1100000000000000271,72
9011010003100000,2,100031000088000001,,,0,1100000000000000271,88
9011010003100000,3,100031000092000002,,,0,1100000000000000275,92
9011010003100000,2,100031000098000001,,,0,1100000000000000275,98
9011010003100000,49,100031000100000001,,,0,1100000000000000274,100
9011010003100000,48,100031000100000002,,,0,1100000000000000274,100
9011010003100000,1,100031000118000002,,,0,1100000000000000283,118
9011010003100000,53,100031000122000003,,,0,1100000000000000283,122
9011010003100000,3,100031000124000001,,,0,1100000000000000277,124
9011010003100000,48,100031000126000002,,,0,1100000000000000278,126
9011010003100000,6,100031000136000001,,,0,1100000000000000280,136
9011010003100000,6,100031000158000001,,,0,1100000000000000280,158
9011010003100000,6,100031000166000001,,,0,1100000000000000280,166
9011010003100000,6,100031000170000001,,,0,1100000000000000280,170
9011010003100000,55,100031000172000001,,,0,1100000000000000280,172
9011010003100000,7,100031000186000001,,,0,1100000000000000280,186
9011010003100000,7,100031000190000001,,,0,1100000000000000280,190
9011010003100000,7,100031000196000001,,,0,1100000000000000280,196
9011010003100000,7,100031000198000001,,,0,1100000000000000280,198
9011010003100000,7,100031000200000001,,,0,1100000000000000280,200
9011010003100000,7,100031000202000001,,,0,1100000000000000280,202
9011010003100000,7,100031000204000001,,,0,1100000000000000280,204
9011010003100000,8,100031000218000001,,,0,1100000000000000279,218
9011010003100000,2,100031000502000001,,,0,1100000000000000269,502
9011010003100000,52,100031000504000001,,,0,1100000000000000269,504
9011010003100000,47,100031000510000001,,,0,1100000000000000269,510
9011010003100000,49,100031000510000004,,,0,1100000000000000269,510
9011010003100000,2,100031000514000001,,,0,1100000000000000269,514
9011010003100000,3,100031000518000002,,,0,1100000000000000269,518
9011010003100000,51,100031000518000003,,,0,1100000000000000269,518
9011010003100000,56,100031000522000002,,,0,1100000000000000269,522
9011010003100000,56,100031000702000002,,,0,1100000000000000272,702
9011010003100000,51,100031000704000001,,,0,1100000000000000273,704
9011010003100000,53,100031000006000002,,,0,1100000000000000282,6
9011010003100000,48,100031000006000003,,,0,1100000000000000282,6
9011010003100000,49,100031000006000004,,,0,1100000000000000282,6
9011010003100000,2,100031000016000001,,,0,1100000000000000271,16
9011010003100000,51,100031000020000001,,,0,1100000000000000271,20
9011010003100000,3,100031000020000003,,,0,1100000000000000271,20
9011010003100000,56,100031000028000001,,,0,1100000000000000271,28
9011010003100000,51,100031000028000002,,,0,1100000000000000271,28
9011010003100000,47,100031000032000001,,,0,1100000000000000271,32
9011010003100000,48,100031000032000003,,,0,1100000000000000271,32
9011010003100000,2,100031000036000001,,,0,1100000000000000271,36
9011010003100000,47,100031000044000002,,,0,1100000000000000271,44
9011010003100000,48,100031000044000004,,,0,1100000000000000271,44
9011010003100000,2,100031000060000001,,,0,1100000000000000271,60
9011010003100000,2,100031000064000001,,,0,1100000000000000271,64
9011010003100000,48,100031000072000002,,,0,1100000000000000271,72
9011010003100000,53,100031000072000004,,,0,1100000000000000271,72
9011010003100000,1,100031000076000002,,,0,1100000000000000271,76
9011010003100000,2,100031000106000001,,,0,1100000000000000275,106
9011010003100000,2,100031000116000001,,,0,1100000000000000276,116
9011010003100000,3,100031000118000001,,,0,1100000000000000283,118
9011010003100000,47,100031000122000002,,,0,1100000000000000283,122
9011010003100000,48,100031000122000004,,,0,1100000000000000283,122
9011010003100000,48,100031000128000002,,,0,1100000000000000285,128
9011010003100000,6,100031000142000001,,,0,1100000000000000280,142
9011010003100000,6,100031000144000001,,,0,1100000000000000280,144
9011010003100000,6,100031000152000001,,,0,1100000000000000280,152
9011010003100000,6,100031000156000001,,,0,1100000000000000280,156
9011010003100000,6,100031000162000001,,,0,1100000000000000280,162
9011010003100000,54,100031000172000002,,,0,1100000000000000280,172
9011010003100000,6,100031000180000001,,,0,1100000000000000279,180
9011010003100000,7,100031000188000001,,,0,1100000000000000280,188
9011010003100000,7,100031000210000001,,,0,1100000000000000280,210
9011010003100000,2,100031000512000001,,,0,1100000000000000269,512
9011010003100000,52,100031000518000001,,,0,1100000000000000269,518
9011010003100000,2,100031000520000001,,,0,1100000000000000269,520
9011010003100000,51,100031000522000001,,,0,1100000000000000269,522
9011010003100000,48,100031000524000002,,,0,1100000000000000269,524
9011010003100000,49,100031000524000003,,,0,1100000000000000269,524
9011010003100000,57,100031000532000002,,,0,1100000000000000269,532
9011010003100000,2,100031000534000001,,,0,1100000000000000269,534
9011010003100000,51,100031000702000001,,,0,1100000000000000272,702
9011010003100000,53,100031000708000002,,,0,1100000000000000272,708
9011010003100000,48,100031000708000003,,,0,1100000000000000272,708
9011010003100000,2,100031000710000001,,,0,1100000000000000272,710
9011010003100000,56,100031000004000001,,,0,1100000000000000284,4
9011010003100000,51,100031000004000002,,,0,1100000000000000284,4
9011010003100000,2,100031000024000001,,,0,1100000000000000271,24
9011010003100000,2,100031000040000001,,,0,1100000000000000271,40
9011010003100000,49,100031000044000001,,,0,1100000000000000271,44
9011010003100000,2,100031000052000001,,,0,1100000000000000271,52
9011010003100000,2,100031000080000001,,,0,1100000000000000271,80
9011010003100000,1,100031000092000001,,,0,1100000000000000275,92
9011010003100000,53,100031000100000003,,,0,1100000000000000274,100
9011010003100000,47,100031000100000004,,,0,1100000000000000274,100
9011010003100000,2,100031000108000001,,,0,1100000000000000275,108
9011010003100000,3,100031000110000001,,,0,1100000000000000275,110
9011010003100000,2,100031000112000001,,,0,1100000000000000276,112
9011010003100000,2,100031000114000001,,,0,1100000000000000275,114
9011010003100000,47,100031000126000001,,,0,1100000000000000278,126
9011010003100000,6,100031000130000001,,,0,1100000000000000280,130
9011010003100000,6,100031000132000001,,,0,1100000000000000280,132
9011010003100000,6,100031000148000001,,,0,1100000000000000280,148
9011010003100000,6,100031000150000001,,,0,1100000000000000280,150
9011010003100000,6,100031000164000001,,,0,1100000000000000280,164
9011010003100000,6,100031000174000001,,,0,1100000000000000280,174
9011010003100000,54,100031000176000001,,,0,1100000000000000280,176
9011010003100000,55,100031000176000002,,,0,1100000000000000280,176
9011010003100000,6,100031000178000001,,,0,1100000000000000281,178
9011010003100000,7,100031000192000001,,,0,1100000000000000280,192
9011010003100000,50,100031000208000001,,,0,1100000000000000280,208
9011010003100000,8,100031000208000002,,,0,1100000000000000280,208
9011010003100000,8,100031000212000001,,,0,1100000000000000280,212
9011010003100000,50,100031000212000002,,,0,1100000000000000280,212
9011010003100000,8,100031000216000001,,,0,1100000000000000281,216
9011010003100000,2,100031000506000001,,,0,1100000000000000269,506
9011010003100000,51,100031000508000001,,,0,1100000000000000269,508
9011010003100000,56,100031000508000002,,,0,1100000000000000269,508
9011010003100000,53,100031000510000002,,,0,1100000000000000269,510
9011010003100000,48,100031000510000003,,,0,1100000000000000269,510
9011010003100000,2,100031000526000001,,,0,1100000000000000269,526
9011010003100000,53,100031000530000002,,,0,1100000000000000269,530
9011010003100000,48,100031000530000003,,,0,1100000000000000269,530
9011010003100000,2,100031000542000001,,,0,1100000000000000269,542
9011010003100000,2,100031000706000001,,,0,1100000000000000273,706
9011010003100000,47,100031000708000001,,,0,1100000000000000272,708
9011010003100000,49,100031000708000004,,,0,1100000000000000272,708
9011010003200000,53,100032000001000002,,,1,1100000000000000402,1
9011010003200000,2,100032000003000001,,,1,1100000000000000401,3
9011010003200000,49,100032000023000004,,,1,1100000000000000401,23
9011010003200000,48,100032000035000001,,,1,1100000000000000390,35
9011010003200000,47,100032000035000003,,,1,1100000000000000390,35
9011010003200000,52,100032000041000003,,,1,1100000000000000401,41
9011010003200000,2,100032000043000001,,,1,1100000000000000390,43
9011010003200000,47,100032000047000001,,,1,1100000000000000390,47
9011010003200000,57,100032000051000001,,,1,1100000000000000390,51
9011010003200000,2,100032000059000001,,,1,1100000000000000390,59
9011010003200000,49,100032000065000004,,,1,1100000000000000401,65
9011010003200000,48,100032000075000002,,,1,1100000000000000390,75
9011010003200000,1,100032000079000002,,,1,1100000000000000390,79
9011010003200000,2,100032000085000001,,,1,1100000000000000401,85
9011010003200000,49,100032000093000001,,,1,1100000000000000401,93
9011010003200000,48,100032000093000004,,,1,1100000000000000401,93
9011010003200000,2,100032000097000001,,,1,1100000000000000401,97
9011010003200000,53,100032000113000002,,,1,1100000000000000396,113
9011010003200000,47,100032000119000001,,,1,1100000000000000403,119
9011010003200000,48,100032000119000002,,,1,1100000000000000403,119
9011010003200000,6,100032000125000001,,,1,1100000000000000401,125
9011010003200000,6,100032000127000001,,,1,1100000000000000401,127
9011010003200000,6,100032000131000001,,,1,1100000000000000401,131
9011010003200000,6,100032000139000001,,,1,1100000000000000401,139
9011010003200000,6,100032000141000001,,,1,1100000000000000401,141
9011010003200000,6,100032000147000001,,,1,1100000000000000401,147
9011010003200000,6,100032000153000001,,,1,1100000000000000393,153
9011010003200000,6,100032000163000001,,,1,1100000000000000401,163
9011010003200000,55,100032000165000002,,,1,1100000000000000401,165
9011010003200000,6,100032000167000001,,,1,1100000000000000401,167
9011010003200000,47,100032000001000001,,,1,1100000000000000402,1
9011010003200000,49,100032000001000004,,,1,1100000000000000402,1
9011010003200000,52,100032000007000002,,,1,1100000000000000399,7
9011010003200000,3,100032000007000003,,,1,1100000000000000399,7
9011010003200000,48,100032000001000003,,,1,1100000000000000402,1
9011010003200000,51,100032000007000001,,,1,1100000000000000399,7
9011010003200000,2,100032000011000001,,,1,1100000000000000390,11
9011010003200000,56,100032000019000002,,,1,1100000000000000401,19
9011010003200000,3,100032000021000001,,,1,1100000000000000392,21
9011010003200000,51,100032000021000002,,,1,1100000000000000392,21
9011010003200000,52,100032000021000003,,,1,1100000000000000392,21
9011010003200000,53,100032000023000002,,,1,1100000000000000401,23
9011010003200000,48,100032000023000003,,,1,1100000000000000401,23
9011010003200000,2,100032000031000001,,,1,1100000000000000401,31
9011010003200000,2,100032000039000001,,,1,1100000000000000390,39
9011010003200000,49,100032000053000001,,,1,1100000000000000401,53
9011010003200000,53,100032000053000003,,,1,1100000000000000401,53
9011010003200000,47,100032000053000004,,,1,1100000000000000401,53
9011010003200000,2,100032000061000001,,,1,1100000000000000401,61
9011010003200000,2,100032000025000001,,,1,1100000000000000390,25
9011010003200000,2,100032000027000001,,,1,1100000000000000401,27
9011010003200000,51,100032000029000001,,,1,1100000000000000390,29
9011010003200000,49,100032000035000002,,,1,1100000000000000390,35
9011010003200000,53,100032000035000004,,,1,1100000000000000390,35
9011010003200000,2,100032000037000001,,,1,1100000000000000401,37
9011010003200000,3,100032000041000001,,,1,1100000000000000401,41
9011010003200000,2,100032000045000001,,,1,1100000000000000401,45
9011010003200000,49,100032000047000004,,,1,1100000000000000390,47
9011010003200000,51,100032000049000001,,,1,1100000000000000401,49
9011010003200000,46,100032000051000002,,,1,1100000000000000390,51
9011010003200000,2,100032000067000001,,,1,1100000000000000390,67
9011010003200000,2,100032000071000001,,,1,1100000000000000390,71
9011010003200000,53,100032000075000001,,,1,1100000000000000390,75
9011010003200000,3,100032000103000002,,,1,1100000000000000396,103
9011010003200000,2,100032000109000001,,,1,1100000000000000396,109
9011010003200000,3,100032000111000001,,,1,1100000000000000396,111
9011010003200000,47,100032000113000001,,,1,1100000000000000396,113
9011010003200000,6,100032000145000001,,,1,1100000000000000401,145
9011010003200000,6,100032000149000001,,,1,1100000000000000401,149
9011010003200000,6,100032000151000001,,,1,1100000000000000401,151
9011010003200000,6,100032000161000001,,,1,1100000000000000401,161
9011010003200000,54,100032000165000001,,,1,1100000000000000401,165
9011010003200000,7,100032000179000001,,,1,1100000000000000401,179
9011010003200000,7,100032000181000001,,,1,1100000000000000401,181
9011010003200000,7,100032000185000001,,,1,1100000000000000401,185
9011010003200000,7,100032000189000001,,,1,1100000000000000401,189
9011010003200000,8,100032000213000001,,,1,1100000000000000403,213
9011010003200000,47,100032000703000001,,,1,1100000000000000398,703
9011010003200000,47,100032000065000001,,,1,1100000000000000401,65
9011010003200000,48,100032000065000003,,,1,1100000000000000401,65
9011010003200000,46,100032000069000001,,,1,1100000000000000401,69
9011010003200000,57,100032000069000002,,,1,1100000000000000401,69
9011010003200000,47,100032000075000004,,,1,1100000000000000390,75
9011010003200000,2,100032000083000001,,,1,1100000000000000390,83
9011010003200000,2,100032000087000001,,,1,1100000000000000390,87
9011010003200000,1,100032000095000001,,,1,1100000000000000401,95
9011010003200000,2,100032000099000001,,,1,1100000000000000401,99
9011010003200000,2,100032000101000001,,,1,1100000000000000401,101
9011010003200000,48,100032000113000003,,,1,1100000000000000396,113
9011010003200000,49,100032000113000004,,,1,1100000000000000396,113
9011010003200000,1,100032000115000001,,,1,1100000000000000403,115
9011010003200000,3,100032000117000001,,,1,1100000000000000394,117
9011010003200000,6,100032000123000001,,,1,1100000000000000401,123
9011010003200000,6,100032000129000001,,,1,1100000000000000401,129
9011010003200000,6,100032000135000001,,,1,1100000000000000401,135
9011010003200000,6,100032000157000001,,,1,1100000000000000393,157
9011010003200000,54,100032000169000002,,,1,1100000000000000401,169
9011010003200000,6,100032000171000001,,,1,1100000000000000395,171
9011010003200000,7,100032000177000001,,,1,1100000000000000401,177
9011010003200000,7,100032000193000001,,,1,1100000000000000401,193
9011010003200000,7,100032000195000001,,,1,1100000000000000401,195
9011010003200000,7,100032000199000001,,,1,1100000000000000401,199
9011010003200000,50,100032000207000001,,,1,1100000000000000393,207
9011010003200000,8,100032000211000001,,,1,1100000000000000395,211
9011010003200000,7,100032000175000001,,,1,1100000000000000401,175
9011010003200000,7,100032000191000001,,,1,1100000000000000401,191
9011010003200000,7,100032000197000001,,,1,1100000000000000401,197
9011010003200000,8,100032000201000001,,,1,1100000000000000401,201
9011010003200000,50,100032000201000002,,,1,1100000000000000401,201
9011010003200000,7,100032000203000001,,,1,1100000000000000401,203
9011010003200000,2,100032000701000001,,,1,1100000000000000400,701
9011010003200000,48,100032000703000003,,,1,1100000000000000398,703
9011010003200000,49,100032000703000004,,,1,1100000000000000398,703
9011010003200000,2,100032000013000001,,,1,1100000000000000401,13
9011010003200000,2,100032000017000001,,,1,1100000000000000390,17
9011010003200000,51,100032000019000001,,,1,1100000000000000401,19
9011010003200000,47,100032000023000001,,,1,1100000000000000401,23
9011010003200000,56,100032000029000002,,,1,1100000000000000390,29
9011010003200000,51,100032000041000002,,,1,1100000000000000401,41
9011010003200000,53,100032000047000002,,,1,1100000000000000390,47
9011010003200000,48,100032000047000003,,,1,1100000000000000390,47
9011010003200000,56,100032000049000002,,,1,1100000000000000401,49
9011010003200000,48,100032000053000002,,,1,1100000000000000401,53
9011010003200000,2,100032000055000001,,,1,1100000000000000390,55
9011010003200000,2,100032000057000001,,,1,1100000000000000401,57
9011010003200000,2,100032000063000001,,,1,1100000000000000390,63
9011010003200000,53,100032000065000002,,,1,1100000000000000401,65
9011010003200000,2,100032000073000001,,,1,1100000000000000401,73
9011010003200000,49,100032000075000003,,,1,1100000000000000390,75
9011010003200000,2,100032000077000001,,,1,1100000000000000401,77
9011010003200000,3,100032000079000001,,,1,1100000000000000390,79
9011010003200000,2,100032000081000001,,,1,1100000000000000401,81
9011010003200000,2,100032000089000001,,,1,1100000000000000401,89
9011010003200000,2,100032000091000001,,,1,1100000000000000390,91
9011010003200000,47,100032000093000002,,,1,1100000000000000401,93
9011010003200000,53,100032000093000003,,,1,1100000000000000401,93
9011010003200000,3,100032000095000002,,,1,1100000000000000401,95
9011010003200000,1,100032000103000001,,,1,1100000000000000396,103
9011010003200000,2,100032000105000001,,,1,1100000000000000396,105
9011010003200000,2,100032000107000001,,,1,1100000000000000396,107
9011010003200000,1,100032000111000002,,,1,1100000000000000396,111
9011010003200000,6,100032000121000001,,,1,1100000000000000401,121
9011010003200000,6,100032000133000001,,,1,1100000000000000401,133
9011010003200000,6,100032000137000001,,,1,1100000000000000401,137
9011010003200000,6,100032000143000001,,,1,1100000000000000401,143
9011010003200000,6,100032000155000001,,,1,1100000000000000401,155
9011010003200000,6,100032000159000001,,,1,1100000000000000401,159
9011010003200000,55,100032000169000001,,,1,1100000000000000401,169
9011010003200000,6,100032000173000001,,,1,1100000000000000403,173
9011010003200000,7,100032000183000001,,,1,1100000000000000401,183
9011010003200000,7,100032000187000001,,,1,1100000000000000401,187
9011010003200000,50,100032000205000001,,,1,1100000000000000401,205
9011010003200000,8,100032000205000002,,,1,1100000000000000401,205
9011010003200000,8,100032000209000001,,,1,1100000000000000401,209
9011010003200000,53,100032000703000002,,,1,1100000000000000398,703
9011010003200000,48,100032000705000001,,,1,1100000000000000397,705
9011010003200000,49,100032000705000002,,,1,1100000000000000397,705
9011010003200000,47,100032000705000003,,,1,1100000000000000397,705
9011010003200000,53,100032000705000004,,,1,1100000000000000397,705
9011010003200000,56,100032000006000002,,,0,1100000000000000404,6
9011010003200000,49,100032000010000004,,,0,1100000000000000404,10
9011010003200000,3,100032000012000002,,,0,1100000000000000391,12
9011010003200000,2,100032000018000001,,,0,1100000000000000404,18
9011010003200000,51,100032000020000001,,,0,1100000000000000391,20
9011010003200000,47,100032000024000001,,,0,1100000000000000391,24
9011010003200000,52,100032000026000003,,,0,1100000000000000404,26
9011010003200000,56,100032000034000002,,,0,1100000000000000404,34
9011010003200000,56,100032000048000002,,,0,1100000000000000391,48
9011010003200000,47,100032000050000001,,,0,1100000000000000404,50
9011010003200000,53,100032000052000002,,,0,1100000000000000391,52
9011010003200000,48,100032000052000004,,,0,1100000000000000391,52
9011010003200000,46,100032000054000001,,,0,1100000000000000404,54
9011010003200000,2,100032000056000001,,,0,1100000000000000391,56
9011010003200000,2,100032000058000001,,,0,1100000000000000404,58
9011010003200000,53,100032000064000002,,,0,1100000000000000391,64
9011010003200000,2,100032000072000001,,,0,1100000000000000404,72
9011010003200000,2,100032000074000001,,,0,1100000000000000391,74
9011010003200000,2,100032000078000001,,,0,1100000000000000404,78
9011010003200000,2,100032000098000001,,,0,1100000000000000410,98
9011010003200000,1,100032000100000001,,,0,1100000000000000407,100
9011010003200000,1,100032000108000002,,,0,1100000000000000407,108
9011010003200000,53,100032000110000002,,,0,1100000000000000407,110
9011010003200000,3,100032000112000001,,,0,1100000000000000407,112
9011010003200000,47,100032000114000001,,,0,1100000000000000406,114
9011010003200000,48,100032000116000002,,,0,1100000000000000408,116
9011010003200000,6,100032000120000001,,,0,1100000000000000406,120
9011010003200000,6,100032000134000001,,,0,1100000000000000406,134
9011010003200000,6,100032000146000001,,,0,1100000000000000406,146
9011010003200000,55,100032000164000001,,,0,1100000000000000406,164
9011010003200000,6,100032000170000001,,,0,1100000000000000408,170
9011010003200000,52,100032000002000001,,,0,1100000000000000404,2
9011010003200000,2,100032000008000001,,,0,1100000000000000391,8
9011010003200000,47,100032000010000001,,,0,1100000000000000404,10
9011010003200000,48,100032000010000003,,,0,1100000000000000404,10
9011010003200000,3,100032000002000003,,,0,1100000000000000404,2
9011010003200000,2,100032000004000001,,,0,1100000000000000404,4
9011010003200000,53,100032000010000002,,,0,1100000000000000404,10
9011010003200000,2,100032000016000001,,,0,1100000000000000391,16
9011010003200000,2,100032000022000001,,,0,1100000000000000404,22
9011010003200000,49,100032000024000004,,,0,1100000000000000391,24
9011010003200000,3,100032000026000001,,,0,1100000000000000404,26
9011010003200000,51,100032000026000002,,,0,1100000000000000404,26
9011010003200000,2,100032000028000001,,,0,1100000000000000391,28
9011010003200000,51,100032000034000001,,,0,1100000000000000404,34
9011010003200000,53,100032000038000003,,,0,1100000000000000404,38
9011010003200000,47,100032000038000004,,,0,1100000000000000404,38
9011010003200000,2,100032000044000001,,,0,1100000000000000391,44
9011010003200000,48,100032000050000003,,,0,1100000000000000404,50
9011010003200000,49,100032000050000004,,,0,1100000000000000404,50
9011010003200000,49,100032000052000001,,,0,1100000000000000391,52
9011010003200000,47,100032000052000003,,,0,1100000000000000391,52
9011010003200000,57,100032000054000002,,,0,1100000000000000404,54
9011010003200000,51,100032000012000001,,,0,1100000000000000391,12
9011010003200000,2,100032000030000001,,,0,1100000000000000404,30
9011010003200000,2,100032000032000001,,,0,1100000000000000391,32
9011010003200000,49,100032000038000001,,,0,1100000000000000404,38
9011010003200000,48,100032000038000002,,,0,1100000000000000404,38
9011010003200000,3,100032000040000001,,,0,1100000000000000391,40
9011010003200000,51,100032000040000002,,,0,1100000000000000391,40
9011010003200000,52,100032000040000003,,,0,1100000000000000391,40
9011010003200000,2,100032000042000001,,,0,1100000000000000404,42
9011010003200000,2,100032000046000001,,,0,1100000000000000404,46
9011010003200000,51,100032000048000001,,,0,1100000000000000391,48
9011010003200000,2,100032000060000001,,,0,1100000000000000391,60
9011010003200000,46,100032000068000002,,,0,1100000000000000391,68
9011010003200000,2,100032000080000001,,,0,1100000000000000391,80
9011010003200000,48,100032000084000004,,,0,1100000000000000404,84
9011010003200000,2,100032000086000001,,,0,1100000000000000391,86
9011010003200000,2,100032000096000001,,,0,1100000000000000410,96
9011010003200000,2,100032000102000001,,,0,1100000000000000407,102
9011010003200000,2,100032000104000001,,,0,1100000000000000407,104
9011010003200000,6,100032000118000001,,,0,1100000000000000406,118
9011010003200000,6,100032000122000001,,,0,1100000000000000406,122
9011010003200000,6,100032000124000001,,,0,1100000000000000406,124
9011010003200000,6,100032000126000001,,,0,1100000000000000406,126
9011010003200000,6,100032000140000001,,,0,1100000000000000406,140
9011010003200000,6,100032000154000001,,,0,1100000000000000406,154
9011010003200000,6,100032000156000001,,,0,1100000000000000406,156
9011010003200000,6,100032000158000001,,,0,1100000000000000406,158
9011010003200000,55,100032000160000002,,,0,1100000000000000406,160
9011010003200000,6,100032000166000001,,,0,1100000000000000406,166
9011010003200000,7,100032000174000001,,,0,1100000000000000406,174
9011010003200000,7,100032000182000001,,,0,1100000000000000406,182
9011010003200000,7,100032000190000001,,,0,1100000000000000406,190
9011010003200000,8,100032000196000001,,,0,1100000000000000406,196
9011010003200000,8,100032000204000001,,,0,1100000000000000406,204
9011010003200000,48,100032000782000003,,,0,1100000000000000405,782
9011010003200000,49,100032000782000004,,,0,1100000000000000405,782
9011010003200000,47,100032000064000001,,,0,1100000000000000391,64
9011010003200000,48,100032000064000003,,,0,1100000000000000391,64
9011010003200000,49,100032000064000004,,,0,1100000000000000391,64
9011010003200000,2,100032000066000001,,,0,1100000000000000404,66
9011010003200000,49,100032000084000002,,,0,1100000000000000404,84
9011010003200000,47,100032000084000003,,,0,1100000000000000404,84
9011010003200000,3,100032000090000001,,,0,1100000000000000410,90
9011010003200000,2,100032000092000001,,,0,1100000000000000391,92
9011010003200000,2,100032000106000001,,,0,1100000000000000407,106
9011010003200000,47,100032000110000001,,,0,1100000000000000407,110
9011010003200000,6,100032000130000001,,,0,1100000000000000406,130
9011010003200000,6,100032000136000001,,,0,1100000000000000406,136
9011010003200000,6,100032000138000001,,,0,1100000000000000406,138
9011010003200000,6,100032000148000001,,,0,1100000000000000406,148
9011010003200000,6,100032000150000001,,,0,1100000000000000406,150
9011010003200000,6,100032000168000001,,,0,1100000000000000409,168
9011010003200000,7,100032000184000001,,,0,1100000000000000406,184
9011010003200000,7,100032000186000001,,,0,1100000000000000406,186
9011010003200000,7,100032000188000001,,,0,1100000000000000406,188
9011010003200000,50,100032000196000002,,,0,1100000000000000406,196
9011010003200000,7,100032000202000001,,,0,1100000000000000406,202
9011010003200000,8,100032000206000001,,,0,1100000000000000409,206
9011010003200000,48,100032000700000002,,,0,1100000000000000405,700
9011010003200000,47,100032000700000003,,,0,1100000000000000405,700
9011010003200000,57,100032000776000002,,,0,1100000000000000405,776
9011010003200000,53,100032000782000002,,,0,1100000000000000405,782
9011010003200000,7,100032000176000001,,,0,1100000000000000406,176
9011010003200000,7,100032000178000001,,,0,1100000000000000406,178
9011010003200000,7,100032000192000001,,,0,1100000000000000406,192
9011010003200000,8,100032000200000001,,,0,1100000000000000406,200
9011010003200000,50,100032000200000002,,,0,1100000000000000406,200
9011010003200000,8,100032000208000001,,,0,1100000000000000408,208
9011010003200000,53,100032000700000004,,,0,1100000000000000405,700
9011010003200000,51,100032000002000002,,,0,1100000000000000404,2
9011010003200000,51,100032000006000001,,,0,1100000000000000404,6
9011010003200000,52,100032000012000003,,,0,1100000000000000391,12
9011010003200000,2,100032000014000001,,,0,1100000000000000404,14
9011010003200000,56,100032000020000002,,,0,1100000000000000391,20
9011010003200000,53,100032000024000002,,,0,1100000000000000391,24
9011010003200000,48,100032000024000003,,,0,1100000000000000391,24
9011010003200000,2,100032000036000001,,,0,1100000000000000391,36
9011010003200000,53,100032000050000002,,,0,1100000000000000404,50
9011010003200000,2,100032000062000001,,,0,1100000000000000404,62
9011010003200000,57,100032000068000001,,,0,1100000000000000391,68
9011010003200000,53,100032000084000001,,,0,1100000000000000404,84
9011010003200000,1,100032000090000002,,,0,1100000000000000410,90
9011010003200000,2,100032000094000001,,,0,1100000000000000410,94
9011010003200000,3,100032000100000002,,,0,1100000000000000407,100
9011010003200000,3,100032000108000001,,,0,1100000000000000407,108
9011010003200000,48,100032000110000003,,,0,1100000000000000407,110
9011010003200000,49,100032000110000004,,,0,1100000000000000407,110
9011010003200000,1,100032000112000002,,,0,1100000000000000407,112
9011010003200000,48,100032000114000002,,,0,1100000000000000406,114
9011010003200000,47,100032000116000001,,,0,1100000000000000408,116
9011010003200000,6,100032000128000001,,,0,1100000000000000406,128
9011010003200000,6,100032000132000001,,,0,1100000000000000406,132
9011010003200000,6,100032000142000001,,,0,1100000000000000406,142
9011010003200000,6,100032000144000001,,,0,1100000000000000406,144
9011010003200000,6,100032000152000001,,,0,1100000000000000406,152
9011010003200000,54,100032000160000001,,,0,1100000000000000406,160
9011010003200000,6,100032000162000001,,,0,1100000000000000406,162
9011010003200000,54,100032000164000002,,,0,1100000000000000406,164
9011010003200000,7,100032000172000001,,,0,1100000000000000406,172
9011010003200000,7,100032000180000001,,,0,1100000000000000406,180
9011010003200000,7,100032000194000001,,,0,1100000000000000406,194
9011010003200000,7,100032000198000001,,,0,1100000000000000406,198
9011010003200000,49,100032000700000001,,,0,1100000000000000405,700
9011010003200000,46,100032000776000001,,,0,1100000000000000405,776
9011010003200000,47,100032000782000001,,,0,1100000000000000405,782
9011010003500000,6,100035000005000001,,,1,1100000000000000577,5
9011010003500000,50,100035000007000001,,,1,1100000000000000577,7
9011010003500000,51,100035000003000001,,,1,1100000000000000577,3
9011010003500000,2,100035000001000001,,,1,1100000000000000577,1
9011010003500000,8,100035000007000002,,,1,1100000000000000577,7
9011010003500000,56,100035000009000001,,,1,1100000000000000577,9
9011010003500000,57,100035000004000001,,,0,1100000000000000578,4
9011010003500000,54,100035000006000002,,,0,1100000000000000578,6
9011010003500000,8,100035000008000002,,,0,1100000000000000578,8
9011010003500000,49,100035000002000001,,,0,1100000000000000578,2
9011010003500000,46,100035000004000002,,,0,1100000000000000578,4
9011010003500000,55,100035000006000001,,,0,1100000000000000578,6
9011010003500000,50,100035000008000001,,,0,1100000000000000578,8
9011010003500000,53,100035000002000002,,,0,1100000000000000578,2
9011010004000000,14,100040000027000003,,,1,1100000000000000567,27
9011010004000000,2,100040000005000001,,,1,1100000000000000566,5
9011010004000000,30,100040000009000002,,,1,1100000000000000566,9
9011010004000000,22,100040000017000003,,,1,1100000000000000568,17
9011010004000000,30,100040000021000002,,,1,1100000000000000568,21
9011010004000000,38,100040000027000001,,,1,1100000000000000567,27
9011010004000000,18,100040000009000001,,,1,1100000000000000566,9
9011010004000000,2,100040000013000001,,,1,1100000000000000569,13
9011010004000000,12,100040000017000001,,,1,1100000000000000568,17
9011010004000000,17,100040000017000002,,,1,1100000000000000568,17
9011010004000000,18,100040000021000001,,,1,1100000000000000568,21
9011010004000000,41,100040000027000002,,,1,1100000000000000567,27
9011010004000000,31,100040000066000003,,,0,1100000000000000563,66
9011010004000000,11,100040000066000004,,,0,1100000000000000563,66
9011010004000000,14,100040000070000001,,,0,1100000000000000564,70
9011010004000000,2,100040000078000001,,,0,1100000000000000563,78
9011010004000000,2,100040000082000001,,,0,1100000000000000562,82
9011010004000000,32,100040000054000002,,,0,1100000000000000565,54
9011010004000000,12,100040000070000002,,,0,1100000000000000564,70
9011010004000000,15,100040000054000001,,,0,1100000000000000565,54
9011010004000000,30,100040000058000002,,,0,1100000000000000564,58
9011010004000000,1,100040000062000003,,,0,1100000000000000564,62
9011010004000000,18,100040000058000001,,,0,1100000000000000564,58
9011010004000000,26,100040000062000001,,,0,1100000000000000564,62
9011010004000000,11,100040000062000002,,,0,1100000000000000564,62
9011010004000000,14,100040000066000001,,,0,1100000000000000563,66
9011010004000000,20,100040000066000002,,,0,1100000000000000563,66
9011010004000000,33,100040000066000005,,,0,1100000000000000563,66
9011010004000000,2,100040000074000001,,,0,1100000000000000564,74
9011010005000000,9,100050000009000002,,,1,1100000000000000615,9
9011010005000000,12,100050000013000002,,,1,1100000000000000616,13
9011010005000000,19,100050000005000003,,,1,1100000000000000615,5
9011010005000000,29,100050000005000004,,,1,1100000000000000615,5
9011010005000000,10,100050000009000001,,,1,1100000000000000615,9
9011010005000000,26,100050000021000001,,,1,1100000000000000617,21
9011010005000000,11,100050000021000002,,,1,1100000000000000617,21
9011010005000000,1,100050000021000003,,,1,1100000000000000617,21
9011010005000000,18,100050000025000001,,,1,1100000000000000618,25
9011010005000000,30,100050000025000002,,,1,1100000000000000618,25
9011010005000000,20,100050000005000006,,,1,1100000000000000615,5
9011010005000000,17,100050000005000008,,,1,1100000000000000615,5
9011010005000000,14,100050000013000001,,,1,1100000000000000616,13
9011010005000000,15,100050000017000002,,,1,1100000000000000616,17
9011010005000000,22,100050000005000001,,,1,1100000000000000615,5
9011010005000000,21,100050000005000002,,,1,1100000000000000615,5
9011010005000000,23,100050000005000005,,,1,1100000000000000615,5
9011010005000000,11,100050000005000007,,,1,1100000000000000615,5
9011010005000000,32,100050000017000001,,,1,1100000000000000616,17
9011010005000000,18,100050000060000001,,,0,1100000000000000619,60
9011010005000000,2,100050000064000001,,,0,1100000000000000612,64
9011010005000000,9,100050000068000002,,,0,1100000000000000620,68
9011010005000000,18,100050000076000001,,,0,1100000000000000612,76
9011010005000000,14,100050000076000003,,,0,1100000000000000612,76
9011010005000000,18,100050000084000001,,,0,1100000000000000612,84
9011010005000000,30,100050000060000002,,,0,1100000000000000619,60
9011010005000000,16,100050000068000003,,,0,1100000000000000620,68
9011010005000000,30,100050000084000002,,,0,1100000000000000612,84
9011010005000000,29,100050000088000002,,,0,1100000000000000613,88
9011010005000000,23,100050000088000004,,,0,1100000000000000613,88
9011010005000000,35,100050000088000005,,,0,1100000000000000613,88
9011010005000000,14,100050000068000001,,,0,1100000000000000620,68
9011010005000000,12,100050000072000001,,,0,1100000000000000612,72
9011010005000000,12,100050000092000001,,,0,1100000000000000614,92
9011010005000000,28,100050000076000002,,,0,1100000000000000612,76
9011010005000000,12,100050000080000001,,,0,1100000000000000612,80
9011010005000000,14,100050000080000002,,,0,1100000000000000612,80
9011010005000000,19,100050000088000001,,,0,1100000000000000613,88
9011010005000000,11,100050000088000003,,,0,1100000000000000613,88
9011010005000000,21,100050000088000006,,,0,1100000000000000613,88
9011010005000000,14,100050000092000002,,,0,1100000000000000614,92
9011010005000000,14,100050000972000001,,,0,1100000000000000612,972
9011010009800000,2,100098000001000001,,,1,1100000000000000761,1
9011010009900000,2,100099000002000001,,,1,1100000000000000762,2
9011010009900000,7,100099000004000001,,,1,1100000000000000762,4
9011010012000000,12,100120000001000002,,,1,1100000000000000047,1
9011010012000000,28,100120000005000001,,,1,1100000000000000045,5
9011010012000000,18,100120000005000002,,,1,1100000000000000045,5
9011010012000000,14,100120000105000001,,,1,1100000000000000046,105
9011010012000000,14,100120000003000001,,,1,1100000000000000044,3
9011010012000000,14,100120000001000001,,,1,1100000000000000047,1
9011010012000000,12,100120000003000002,,,1,1100000000000000044,3
9011010012000000,10,100120000002000001,,,0,1100000000000000048,2
9011010012000000,9,100120000002000002,,,0,1100000000000000048,2
9011010012100000,11,100121000003000002,,,1,1100000000000000052,3
9011010012100000,6,100121000903000001,,,1,1100000000000000050,903
9011010012100000,31,100121000003000003,,,1,1100000000000000052,3
9011010012100000,20,100121000003000004,,,1,1100000000000000052,3
9011010012100000,6,100121000901000001,,,1,1100000000000000050,901
9011010012100000,12,100121000001000001,,,1,1100000000000000053,1
9011010012100000,33,100121000003000001,,,1,1100000000000000052,3
9011010012100000,12,100121000002000001,,,0,1100000000000000049,2
9011010012100000,6,100121000902000001,,,0,1100000000000000051,902
9011010012100000,12,100121000004000001,,,0,1100000000000000054,4
9011010012100000,6,100121000904000001,,,0,1100000000000000051,904
9011010012200000,37,100122000001000002,,,1,1100000000000000066,1
9011010012200000,40,100122000001000004,,,1,1100000000000000066,1
9011010012200000,10,100122000003000001,,,1,1100000000000000058,3
9011010012200000,32,100122000009000002,,,1,1100000000000000055,9
9011010012200000,36,100122000011000001,,,1,1100000000000000056,11
9011010012200000,40,100122000011000004,,,1,1100000000000000056,11
9011010012200000,6,100122000903000001,,,1,1100000000000000063,903
9011010012200000,9,100122000003000002,,,1,1100000000000000058,3
9011010012200000,28,100122000005000001,,,1,1100000000000000059,5
9011010012200000,18,100122000005000002,,,1,1100000000000000059,5
9011010012200000,37,100122000011000002,,,1,1100000000000000056,11
9011010012200000,39,100122000011000003,,,1,1100000000000000056,11
9011010012200000,41,100122000013000002,,,1,1100000000000000065,13
9011010012200000,14,100122000013000003,,,1,1100000000000000065,13
9011010012200000,36,100122000001000001,,,1,1100000000000000066,1
9011010012200000,32,100122000007000002,,,1,1100000000000000057,7
9011010012200000,38,100122000013000001,,,1,1100000000000000065,13
9011010012200000,39,100122000001000003,,,1,1100000000000000066,1
9011010012200000,15,100122000007000001,,,1,1100000000000000057,7
9011010012200000,15,100122000009000001,,,1,1100000000000000055,9
9011010012200000,6,100122000901000001,,,1,1100000000000000063,901
9011010012200000,38,100122000014000003,,,0,1100000000000000068,14
9011010012200000,6,100122000902000001,,,0,1100000000000000064,902
9011010012200000,6,100122000904000001,,,0,1100000000000000064,904
9011010012200000,10,100122000002000002,,,0,1100000000000000062,2
9011010012200000,15,100122000006000001,,,0,1100000000000000060,6
9011010012200000,39,100122000010000001,,,0,1100000000000000067,10
9011010012200000,40,100122000010000002,,,0,1100000000000000067,10
9011010012200000,36,100122000010000003,,,0,1100000000000000067,10
9011010012200000,37,100122000010000004,,,0,1100000000000000067,10
9011010012200000,14,100122000012000002,,,0,1100000000000000069,12
9011010012200000,9,100122000002000001,,,0,1100000000000000062,2
9011010012200000,32,100122000006000002,,,0,1100000000000000060,6
9011010012200000,15,100122000008000001,,,0,1100000000000000068,8
9011010012200000,12,100122000012000001,,,0,1100000000000000069,12
9011010012200000,41,100122000014000001,,,0,1100000000000000068,14
9011010012200000,28,100122000004000001,,,0,1100000000000000061,4
9011010012200000,18,100122000004000002,,,0,1100000000000000061,4
9011010012200000,32,100122000008000002,,,0,1100000000000000068,8
9011010012200000,14,100122000014000002,,,0,1100000000000000068,14
9011010012300000,9,100123000003000003,,,1,1100000000000000074,3
9011010012300000,12,100123000005000001,,,1,1100000000000000093,5
9011010012300000,9,100123000011000002,,,1,1100000000000000085,11
9011010012300000,38,100123000013000001,,,1,1100000000000000085,13
9011010012300000,14,100123000013000003,,,1,1100000000000000085,13
9011010012300000,30,100123000017000002,,,1,1100000000000000071,17
9011010012300000,11,100123000021000003,,,1,1100000000000000070,21
9011010012300000,6,100123000033000001,,,1,1100000000000000070,33
9011010012300000,7,100123000035000001,,,1,1100000000000000085,35
9011010012300000,2,100123000907000001,,,1,1100000000000000073,907
9011010012300000,1,100123000001000001,,,1,1100000000000000092,1
9011010012300000,3,100123000001000002,,,1,1100000000000000092,1
9011010012300000,14,100123000003000001,,,1,1100000000000000074,3
9011010012300000,12,100123000007000002,,,1,1100000000000000091,7
9011010012300000,3,100123000009000001,,,1,1100000000000000090,9
9011010012300000,41,100123000013000002,,,1,1100000000000000085,13
9011010012300000,12,100123000015000001,,,1,1100000000000000087,15
9011010012300000,14,100123000005000002,,,1,1100000000000000093,5
9011010012300000,14,100123000007000001,,,1,1100000000000000091,7
9011010012300000,1,100123000009000002,,,1,1100000000000000090,9
9011010012300000,16,100123000011000001,,,1,1100000000000000085,11
9011010012300000,26,100123000019000001,,,1,1100000000000000085,19
9011010012300000,11,100123000019000002,,,1,1100000000000000085,19
9011010012300000,1,100123000019000003,,,1,1100000000000000085,19
9011010012300000,17,100123000021000001,,,1,1100000000000000070,21
9011010012300000,4,100123000027000001,,,1,1100000000000000084,27
9011010012300000,5,100123000027000002,,,1,1100000000000000084,27
9011010012300000,4,100123000029000001,,,1,1100000000000000085,29
9011010012300000,7,100123000039000001,,,1,1100000000000000085,39
9011010012300000,2,100123000901000001,,,1,1100000000000000073,901
9011010012300000,18,100123000017000001,,,1,1100000000000000071,17
9011010012300000,4,100123000031000001,,,1,1100000000000000084,31
9011010012300000,7,100123000037000001,,,1,1100000000000000084,37
9011010012300000,7,100123000041000001,,,1,1100000000000000085,41
9011010012300000,2,100123000903000001,,,1,1100000000000000073,903
9011010012300000,2,100123000905000001,,,1,1100000000000000073,905
9011010012300000,16,100123000003000002,,,1,1100000000000000074,3
9011010012300000,14,100123000011000003,,,1,1100000000000000085,11
9011010012300000,20,100123000021000002,,,1,1100000000000000070,21
9011010012300000,6,100123000023000001,,,1,1100000000000000085,23
9011010012300000,4,100123000025000001,,,1,1100000000000000084,25
9011010012300000,5,100123000025000002,,,1,1100000000000000084,25
9011010012300000,5,100123000029000002,,,1,1100000000000000085,29
9011010012300000,5,100123000031000002,,,1,1100000000000000084,31
9011010012300000,14,100123000115000001,,,1,1100000000000000086,115
9011010012300000,1,100123000004000002,,,0,1100000000000000083,4
9011010012300000,14,100123000008000001,,,0,1100000000000000081,8
9011010012300000,12,100123000014000001,,,0,1100000000000000075,14
9011010012300000,14,100123000016000002,,,0,1100000000000000078,16
9011010012300000,11,100123000018000002,,,0,1100000000000000081,18
9011010012300000,18,100123000022000001,,,0,1100000000000000079,22
9011010012300000,11,100123000026000001,,,0,1100000000000000089,26
9011010012300000,4,100123000032000001,,,0,1100000000000000088,32
9011010012300000,4,100123000034000001,,,0,1100000000000000081,34
9011010012300000,7,100123000042000001,,,0,1100000000000000081,42
9011010012300000,7,100123000044000001,,,0,1100000000000000079,44
9011010012300000,7,100123000048000001,,,0,1100000000000000081,48
9011010012300000,2,100123000902000001,,,0,1100000000000000072,902
9011010012300000,2,100123000908000001,,,0,1100000000000000072,908
9011010012300000,3,100123000004000001,,,0,1100000000000000083,4
9011010012300000,41,100123000008000003,,,0,1100000000000000081,8
9011010012300000,2,100123000010000001,,,0,1100000000000000076,10
9011010012300000,18,100123000012000001,,,0,1100000000000000077,12
9011010012300000,9,100123000006000001,,,0,1100000000000000081,6
9011010012300000,16,100123000006000002,,,0,1100000000000000081,6
9011010012300000,38,100123000008000002,,,0,1100000000000000081,8
9011010012300000,30,100123000012000002,,,0,1100000000000000077,12
9011010012300000,1,100123000018000003,,,0,1100000000000000081,18
9011010012300000,12,100123000020000001,,,0,1100000000000000079,20
9011010012300000,20,100123000024000002,,,0,1100000000000000080,24
9011010012300000,11,100123000024000003,,,0,1100000000000000080,24
9011010012300000,26,100123000026000002,,,0,1100000000000000089,26
9011010012300000,6,100123000028000001,,,0,1100000000000000081,28
9011010012300000,4,100123000030000001,,,0,1100000000000000088,30
9011010012300000,5,100123000030000002,,,0,1100000000000000088,30
9011010012300000,4,100123000036000001,,,0,1100000000000000079,36
9011010012300000,4,100123000040000001,,,0,1100000000000000089,40
9011010012300000,5,100123000040000002,,,0,1100000000000000089,40
9011010012300000,18,100123000102000001,,,0,1100000000000000082,102
9011010012300000,2,100123000906000001,,,0,1100000000000000072,906
9011010012300000,17,100123000922000001,,,0,1100000000000000079,922
9011010012300000,22,100123000922000002,,,0,1100000000000000079,922
9011010012300000,26,100123000018000001,,,0,1100000000000000081,18
9011010012300000,5,100123000032000002,,,0,1100000000000000088,32
9011010012300000,5,100123000036000002,,,0,1100000000000000079,36
9011010012300000,6,100123000038000001,,,0,1100000000000000079,38
9011010012300000,28,100123000102000002,,,0,1100000000000000082,102
9011010012300000,14,100123000002000001,,,0,1100000000000000082,2
9011010012300000,14,100123000006000003,,,0,1100000000000000081,6
9011010012300000,14,100123000014000002,,,0,1100000000000000075,14
9011010012300000,12,100123000016000001,,,0,1100000000000000078,16
9011010012300000,14,100123000020000002,,,0,1100000000000000079,20
9011010012300000,28,100123000022000002,,,0,1100000000000000079,22
9011010012300000,17,100123000024000001,,,0,1100000000000000080,24
9011010012300000,5,100123000034000002,,,0,1100000000000000081,34
9011010012300000,7,100123000046000001,,,0,1100000000000000081,46
9011010012300000,8,100123000050000001,,,0,1100000000000000089,50
9011010012300000,2,100123000904000001,,,0,1100000000000000072,904
9011010012900000,14,100129000001000001,,,1,1100000000000000094,1
9011010012900000,12,100129000001000002,,,1,1100000000000000094,1
9011010012900000,14,100129000002000001,,,0,1100000000000000095,2
9011010012900000,12,100129000002000002,,,0,1100000000000000095,2
9011010015000000,9,100150000005000001,,,1,1100000000000000119,5
9011010015000000,9,100150000009000001,,,1,1100000000000000120,9
9011010015000000,9,100150000015000001,,,1,1100000000000000120,15
9011010015000000,9,100150000027000001,,,1,1100000000000000122,27
9011010015000000,9,100150000033000001,,,1,1100000000000000121,33
9011010015000000,5,100150000039000001,,,1,1100000000000000123,39
9011010015000000,24,100150000061000001,,,1,1100000000000000123,61
9011010015000000,24,100150000063000001,,,1,1100000000000000123,63
9011010015000000,24,100150000071000001,,,1,1100000000000000124,71
9011010015000000,24,100150000073000001,,,1,1100000000000000123,73
9011010015000000,8,100150000079000001,,,1,1100000000000000125,79
9011010015000000,9,100150000003000001,,,1,1100000000000000118,3
9011010015000000,9,100150000021000001,,,1,1100000000000000119,21
9011010015000000,11,100150000035000001,,,1,1100000000000000121,35
9011010015000000,5,100150000037000001,,,1,1100000000000000126,37
9011010015000000,5,100150000045000001,,,1,1100000000000000124,45
9011010015000000,5,100150000047000001,,,1,1100000000000000123,47
9011010015000000,5,100150000053000001,,,1,1100000000000000116,53
9011010015000000,5,100150000055000001,,,1,1100000000000000116,55
9011010015000000,24,100150000059000001,,,1,1100000000000000126,59
9011010015000000,24,100150000067000001,,,1,1100000000000000124,67
9011010015000000,11,100150000007000001,,,1,1100000000000000120,7
9011010015000000,33,100150000007000002,,,1,1100000000000000120,7
9011010015000000,9,100150000011000001,,,1,1100000000000000120,11
9011010015000000,9,100150000017000001,,,1,1100000000000000120,17
9011010015000000,9,100150000019000001,,,1,1100000000000000119,19
9011010015000000,9,100150000029000001,,,1,1100000000000000122,29
9011010015000000,9,100150000031000001,,,1,1100000000000000121,31
9011010015000000,5,100150000041000001,,,1,1100000000000000123,41
9011010015000000,5,100150000049000001,,,1,1100000000000000124,49
9011010015000000,5,100150000057000001,,,1,1100000000000000125,57
9011010015000000,24,100150000075000001,,,1,1100000000000000116,75
9011010015000000,24,100150000077000001,,,1,1100000000000000115,77
9011010015000000,9,100150000001000001,,,1,1100000000000000117,1
9011010015000000,9,100150000013000001,,,1,1100000000000000120,13
9011010015000000,9,100150000023000001,,,1,1100000000000000119,23
9011010015000000,9,100150000025000001,,,1,1100000000000000122,25
9011010015000000,5,100150000043000001,,,1,1100000000000000123,43
9011010015000000,5,100150000051000001,,,1,1100000000000000123,51
9011010015000000,24,100150000065000001,,,1,1100000000000000123,65
9011010015000000,24,100150000069000001,,,1,1100000000000000123,69
9011010015000000,9,100150000002000001,,,0,1100000000000000112,2
9011010015000000,9,100150000004000001,,,0,1100000000000000111,4
9011010015000000,11,100150000010000002,,,0,1100000000000000114,10
9011010015000000,9,100150000012000001,,,0,1100000000000000114,12
9011010015000000,9,100150000014000001,,,0,1100000000000000113,14
9011010015000000,9,100150000016000001,,,0,1100000000000000113,16
9011010015000000,9,100150000018000001,,,0,1100000000000000114,18
9011010015000000,9,100150000020000001,,,0,1100000000000000113,20
9011010015000000,9,100150000022000001,,,0,1100000000000000113,22
9011010015000000,9,100150000030000001,,,0,1100000000000000113,30
9011010015000000,5,100150000062000001,,,0,1100000000000000108,62
9011010015000000,5,100150000064000001,,,0,1100000000000000109,64
9011010015000000,24,100150000066000001,,,0,1100000000000000104,66
9011010015000000,24,100150000068000001,,,0,1100000000000000105,68
9011010015000000,24,100150000078000001,,,0,1100000000000000106,78
9011010015000000,24,100150000080000001,,,0,1100000000000000107,80
9011010015000000,24,100150000082000001,,,0,1100000000000000100,82
9011010015000000,8,100150000086000001,,,0,1100000000000000108,86
9011010015000000,11,100150000006000002,,,0,1100000000000000113,6
9011010015000000,9,100150000034000001,,,0,1100000000000000102,34
9011010015000000,11,100150000036000001,,,0,1100000000000000102,36
9011010015000000,5,100150000044000001,,,0,1100000000000000105,44
9011010015000000,5,100150000046000001,,,0,1100000000000000106,46
9011010015000000,5,100150000054000001,,,0,1100000000000000106,54
9011010015000000,24,100150000072000001,,,0,1100000000000000104,72
9011010015000000,24,100150000074000001,,,0,1100000000000000106,74
9011010015000000,24,100150000076000001,,,0,1100000000000000104,76
9011010015000000,8,100150000088000001,,,0,1100000000000000110,88
9011010015000000,33,100150000006000001,,,0,1100000000000000113,6
9011010015000000,9,100150000026000001,,,0,1100000000000000113,26
9011010015000000,5,100150000042000001,,,0,1100000000000000104,42
9011010015000000,5,100150000048000001,,,0,1100000000000000104,48
9011010015000000,5,100150000052000001,,,0,1100000000000000104,52
9011010015000000,5,100150000056000001,,,0,1100000000000000107,56
9011010015000000,5,100150000058000001,,,0,1100000000000000108,58
9011010015000000,5,100150000060000001,,,0,1100000000000000108,60
9011010015000000,9,100150000008000001,,,0,1100000000000000113,8
9011010015000000,33,100150000010000001,,,0,1100000000000000114,10
9011010015000000,9,100150000024000001,,,0,1100000000000000114,24
9011010015000000,9,100150000028000001,,,0,1100000000000000113,28
9011010015000000,9,100150000032000001,,,0,1100000000000000101,32
9011010015000000,11,100150000038000001,,,0,1100000000000000102,38
9011010015000000,11,100150000040000001,,,0,1100000000000000103,40
9011010015000000,5,100150000050000001,,,0,1100000000000000106,50
9011010015000000,24,100150000070000001,,,0,1100000000000000106,70
9011010015000000,8,100150000084000001,,,0,1100000000000000110,84
9011010015300000,12,100153000001000002,,,1,1100000000000000127,1
9011010015300000,12,100153000003000002,,,1,1100000000000000128,3
9011010015300000,14,100153000001000001,,,1,1100000000000000127,1
9011010015300000,14,100153000003000001,,,1,1100000000000000128,3
9011010015300000,14,100153000902000001,,,0,1100000000000000129,902
9011010015300000,12,100153000002000001,,,0,1100000000000000129,2
9011010015400000,19,100154000001000001,,,1,1100000000000000130,1
9011010015400000,11,100154000001000003,,,1,1100000000000000130,1
9011010015400000,9,100154000007000001,,,1,1100000000000000142,7
9011010015400000,9,100154000011000001,,,1,1100000000000000134,11
9011010015400000,9,100154000013000001,,,1,1100000000000000131,13
9011010015400000,9,100154000015000001,,,1,1100000000000000134,15
9011010015400000,19,100154000017000002,,,1,1100000000000000135,17
9011010015400000,29,100154000017000003,,,1,1100000000000000135,17
9011010015400000,24,100154000033000001,,,1,1100000000000000136,33
9011010015400000,11,100154000017000001,,,1,1100000000000000135,17
9011010015400000,29,100154000019000001,,,1,1100000000000000135,19
9011010015400000,19,100154000019000002,,,1,1100000000000000135,19
9011010015400000,11,100154000021000001,,,1,1100000000000000143,21
9011010015400000,5,100154000023000001,,,1,1100000000000000136,23
9011010015400000,5,100154000029000001,,,1,1100000000000000136,29
9011010015400000,11,100154000019000003,,,1,1100000000000000135,19
9011010015400000,5,100154000025000001,,,1,1100000000000000136,25
9011010015400000,29,100154000001000002,,,1,1100000000000000130,1
9011010015400000,9,100154000003000001,,,1,1100000000000000130,3
9011010015400000,9,100154000005000001,,,1,1100000000000000141,5
9011010015400000,11,100154000009000001,,,1,1100000000000000135,9
9011010015400000,33,100154000009000002,,,1,1100000000000000135,9
9011010015400000,5,100154000027000001,,,1,1100000000000000136,27
9011010015400000,5,100154000031000001,,,1,1100000000000000136,31
9011010015400000,24,100154000035000001,,,1,1100000000000000136,35
9011010015400000,24,100154000037000001,,,1,1100000000000000136,37
9011010015400000,9,100154000006000001,,,0,1100000000000000132,6
9011010015400000,11,100154000010000001,,,0,1100000000000000140,10
9011010015400000,9,100154000012000001,,,0,1100000000000000139,12
9011010015400000,9,100154000014000001,,,0,1100000000000000138,14
9011010015400000,9,100154000016000001,,,0,1100000000000000139,16
9011010015400000,11,100154000020000002,,,0,1100000000000000140,20
9011010015400000,29,100154000020000003,,,0,1100000000000000140,20
9011010015400000,11,100154000024000001,,,0,1100000000000000140,24
9011010015400000,5,100154000034000001,,,0,1100000000000000140,34
9011010015400000,24,100154000044000001,,,0,1100000000000000140,44
9011010015400000,9,100154000008000001,,,0,1100000000000000132,8
9011010015400000,19,100154000018000002,,,0,1100000000000000138,18
9011010015400000,29,100154000022000001,,,0,1100000000000000140,22
9011010015400000,5,100154000038000001,,,0,1100000000000000137,38
9011010015400000,19,100154000022000002,,,0,1100000000000000140,22
9011010015400000,11,100154000026000001,,,0,1100000000000000137,26
9011010015400000,5,100154000028000001,,,0,1100000000000000140,28
9011010015400000,5,100154000030000001,,,0,1100000000000000140,30
9011010015400000,5,100154000036000001,,,0,1100000000000000140,36
9011010015400000,24,100154000040000001,,,0,1100000000000000140,40
9011010015400000,8,100154000046000001,,,0,1100000000000000137,46
9011010015400000,9,100154000004000001,,,0,1100000000000000133,4
9011010015400000,33,100154000010000002,,,0,1100000000000000140,10
9011010015400000,29,100154000018000001,,,0,1100000000000000138,18
9011010015400000,11,100154000018000003,,,0,1100000000000000138,18
9011010015400000,19,100154000020000001,,,0,1100000000000000140,20
9011010015400000,5,100154000032000001,,,0,1100000000000000140,32
9011010015400000,24,100154000042000001,,,0,1100000000000000140,42
9011010017100000,14,100171000001000001,,,1,1100000000000000165,1
9011010017100000,34,100171000001000002,,,1,1100000000000000165,1
9011010017100000,15,100171000001000003,,,1,1100000000000000165,1
9011010017100000,11,100171000001000004,,,1,1100000000000000165,1
9011010017100000,20,100171000002000004,,,0,1100000000000000166,2
9011010017100000,14,100171000002000005,,,0,1100000000000000166,2
9011010017100000,33,100171000002000001,,,0,1100000000000000166,2
9011010017100000,11,100171000002000002,,,0,1100000000000000166,2
9011010017100000,31,100171000002000003,,,0,1100000000000000166,2
9011010017200000,1,100172000001000002,,,1,1100000000000000167,1
9011010017200000,12,100172000003000001,,,1,1100000000000000168,3
9011010017200000,19,100172000007000002,,,1,1100000000000000170,7
9011010017200000,23,100172000007000004,,,1,1100000000000000170,7
9011010017200000,11,100172000007000006,,,1,1100000000000000170,7
9011010017200000,20,100172000011000002,,,1,1100000000000000172,11
9011010017200000,14,100172000003000002,,,1,1100000000000000168,3
9011010017200000,20,100172000007000005,,,1,1100000000000000170,7
9011010017200000,14,100172000011000001,,,1,1100000000000000172,11
9011010017200000,11,100172000015000001,,,1,1100000000000000173,15
9011010017200000,1,100172000015000002,,,1,1100000000000000173,15
9011010017200000,3,100172000001000001,,,1,1100000000000000167,1
9011010017200000,21,100172000007000001,,,1,1100000000000000170,7
9011010017200000,2,100172000009000001,,,1,1100000000000000172,9
9011010017200000,13,100172000013000001,,,1,1100000000000000172,13
9011010017200000,27,100172000013000002,,,1,1100000000000000172,13
9011010017200000,26,100172000015000003,,,1,1100000000000000173,15
9011010017200000,17,100172000107000001,,,1,1100000000000000171,107
9011010017200000,22,100172000107000002,,,1,1100000000000000171,107
9011010017200000,6,100172000905000001,,,1,1100000000000000174,905
9011010017200000,2,100172000005000001,,,1,1100000000000000169,5
9011010017200000,29,100172000007000003,,,1,1100000000000000170,7
9011010017200000,31,100172000011000003,,,1,1100000000000000172,11
9011010017200000,11,100172000011000004,,,1,1100000000000000172,11
9011010017200000,33,100172000011000005,,,1,1100000000000000172,11
9011010017200000,6,100172000901000001,,,1,1100000000000000174,901
9011010017200000,6,100172000903000001,,,1,1100000000000000174,903
9011010017200000,15,100172000002000002,,,0,1100000000000000181,2
9011010017200000,34,100172000002000003,,,0,1100000000000000181,2
9011010017200000,20,100172000006000002,,,0,1100000000000000180,6
9011010017200000,33,100172000006000005,,,0,1100000000000000180,6
9011010017200000,27,100172000008000002,,,0,1100000000000000180,8
9011010017200000,27,100172000014000002,,,0,1100000000000000176,14
9011010017200000,14,100172000006000001,,,0,1100000000000000180,6
9011010017200000,11,100172000006000004,,,0,1100000000000000180,6
9011010017200000,13,100172000008000001,,,0,1100000000000000180,8
9011010017200000,11,100172000010000001,,,0,1100000000000000178,10
9011010017200000,26,100172000010000003,,,0,1100000000000000178,10
9011010017200000,6,100172000904000001,,,0,1100000000000000175,904
9011010017200000,11,100172000002000001,,,0,1100000000000000181,2
9011010017200000,2,100172000004000001,,,0,1100000000000000180,4
9011010017200000,2,100172000012000001,,,0,1100000000000000177,12
9011010017200000,13,100172000014000001,,,0,1100000000000000176,14
9011010017200000,6,100172000902000001,,,0,1100000000000000175,902
9011010017200000,6,100172000906000001,,,0,1100000000000000175,906
9011010017200000,31,100172000006000003,,,0,1100000000000000180,6
9011010017200000,1,100172000010000002,,,0,1100000000000000178,10
9011010017200000,9,100172000016000001,,,0,1100000000000000179,16
9011010017200000,10,100172000016000002,,,0,1100000000000000179,16
9011010017300000,38,100173000005000001,,,1,1100000000000000188,5
9011010017300000,17,100173000507000001,,,1,1100000000000000190,507
9011010017300000,12,100173000003000001,,,1,1100000000000000187,3
9011010017300000,22,100173000003000003,,,1,1100000000000000187,3
9011010017300000,28,100173000007000001,,,1,1100000000000000190,7
9011010017300000,11,100173000011000003,,,1,1100000000000000190,11
9011010017300000,14,100173000011000005,,,1,1100000000000000190,11
9011010017300000,22,100173000107000001,,,1,1100000000000000190,107
9011010017300000,20,100173000507000002,,,1,1100000000000000190,507
9011010017300000,11,100173000507000003,,,1,1100000000000000190,507
9011010017300000,9,100173000009000001,,,1,1100000000000000185,9
9011010017300000,10,100173000009000002,,,1,1100000000000000185,9
9011010017300000,20,100173000011000001,,,1,1100000000000000190,11
9011010017300000,31,100173000011000002,,,1,1100000000000000190,11
9011010017300000,14,100173000105000001,,,1,1100000000000000189,105
9011010017300000,6,100173000903000001,,,1,1100000000000000191,903
9011010017300000,2,100173000001000001,,,1,1100000000000000186,1
9011010017300000,17,100173000003000002,,,1,1100000000000000187,3
9011010017300000,41,100173000005000002,,,1,1100000000000000188,5
9011010017300000,33,100173000011000004,,,1,1100000000000000190,11
9011010017300000,6,100173000901000001,,,1,1100000000000000191,901
9011010017300000,41,100173000002000002,,,0,1100000000000000182,2
9011010017300000,9,100173000006000001,,,0,1100000000000000182,6
9011010017300000,15,100173000008000001,,,0,1100000000000000183,8
9011010017300000,32,100173000008000002,,,0,1100000000000000183,8
9011010017300000,14,100173000010000003,,,0,1100000000000000182,10
9011010017300000,2,100173000012000001,,,0,1100000000000000182,12
9011010017300000,22,100173000104000001,,,0,1100000000000000183,104
9011010017300000,38,100173000002000001,,,0,1100000000000000182,2
9011010017300000,28,100173000004000001,,,0,1100000000000000183,4
9011010017300000,33,100173000010000001,,,0,1100000000000000182,10
9011010017300000,11,100173000010000002,,,0,1100000000000000182,10
9011010017300000,14,100173000014000003,,,0,1100000000000000183,14
9011010017300000,17,100173000504000003,,,0,1100000000000000183,504
9011010017300000,14,100173000002000003,,,0,1100000000000000182,2
9011010017300000,10,100173000006000002,,,0,1100000000000000182,6
9011010017300000,31,100173000010000005,,,0,1100000000000000182,10
9011010017300000,38,100173000014000001,,,0,1100000000000000183,14
9011010017300000,20,100173000504000001,,,0,1100000000000000183,504
9011010017300000,6,100173000902000001,,,0,1100000000000000184,902
9011010017300000,20,100173000010000004,,,0,1100000000000000182,10
9011010017300000,41,100173000014000002,,,0,1100000000000000183,14
9011010017300000,11,100173000504000002,,,0,1100000000000000183,504
9011010017300000,6,100173000904000001,,,0,1100000000000000184,904
9011010017400000,14,100174000001000001,,,1,1100000000000000192,1
9011010017400000,12,100174000001000002,,,1,1100000000000000192,1
9011010017400000,14,100174000902000001,,,0,1100000000000000193,902
9011010017400000,12,100174000002000001,,,0,1100000000000000193,2
9011010017500000,14,100175000001000001,,,1,1100000000000000194,1
9011010017500000,12,100175000001000002,,,1,1100000000000000194,1
9011010017500000,14,100175000002000001,,,0,1100000000000000195,2
9011010017500000,44,100175000002000002,,,0,1100000000000000195,2
9011010017500000,42,100175000002000003,,,0,1100000000000000195,2
9011010021100000,58,100211000001000002,,,1,1100000000000000288,1
9011010021100000,59,100211000001000001,,,1,1100000000000000288,1
9011010021100000,16,100211000004000001,,,0,1100000000000000289,4
9011010021100000,9,100211000004000002,,,0,1100000000000000289,4
9011010024100000,9,100241000001000002,,,1,1100000000000000290,1
9011010024100000,16,100241000001000001,,,1,1100000000000000290,1
9011010024100000,42,100241000002000001,,,0,1100000000000000291,2
9011010024100000,44,100241000004000001,,,0,1100000000000000292,4
9011010024100000,42,100241000006000001,,,0,1100000000000000293,6
9011010024200000,60,100242000001000003,,,1,1100000000000000297,1
9011010024200000,59,100242000001000001,,,1,1100000000000000297,1
9011010024200000,42,100242000001000002,,,1,1100000000000000297,1
9011010024200000,14,100242000101000001,,,1,1100000000000000298,101
9011010024200000,2,100242000008000001,,,0,1100000000000000296,8
9011010024200000,42,100242000002000001,,,0,1100000000000000294,2
9011010024200000,12,100242000004000001,,,0,1100000000000000295,4
9011010024300000,16,100243000001000001,,,1,1100000000000000301,1
9011010024300000,9,100243000001000002,,,1,1100000000000000301,1
9011010024300000,42,100243000002000001,,,0,1100000000000000299,2
9011010024300000,42,100243000004000002,,,0,1100000000000000300,4
9011010024300000,44,100243000004000001,,,0,1100000000000000300,4
9011010025000000,14,100250000907000001,,,1,1100000000000000302,907
9011010025000000,33,100250000005000003,,,1,1100000000000000303,5
9011010025000000,60,100250000007000001,,,1,1100000000000000302,7
9011010025000000,42,100250000007000002,,,1,1100000000000000302,7
9011010025000000,42,100250000003000001,,,1,1100000000000000304,3
9011010025000000,44,100250000003000002,,,1,1100000000000000304,3
9011010025000000,14,100250000005000001,,,1,1100000000000000303,5
9011010025000000,11,100250000005000002,,,1,1100000000000000303,5
9011010025000000,16,100250000005000004,,,1,1100000000000000303,5
9011010025000000,59,100250000007000003,,,1,1100000000000000302,7
9011010025000000,14,100250000002000003,,,0,1100000000000000307,2
9011010025000000,14,100250000006000001,,,0,1100000000000000306,6
9011010025000000,33,100250000008000004,,,0,1100000000000000305,8
9011010025000000,42,100250000012000001,,,0,1100000000000000308,12
9011010025000000,59,100250000012000002,,,0,1100000000000000308,12
9011010025000000,14,100250000008000001,,,0,1100000000000000305,8
9011010025000000,16,100250000008000003,,,0,1100000000000000305,8
9011010025000000,60,100250000012000003,,,0,1100000000000000308,12
9011010025000000,14,100250000912000001,,,0,1100000000000000308,912
9011010025000000,58,100250000002000001,,,0,1100000000000000307,2
9011010025000000,33,100250000006000003,,,0,1100000000000000306,6
9011010025000000,16,100250000006000004,,,0,1100000000000000306,6
9011010025000000,11,100250000008000002,,,0,1100000000000000305,8
9011010025000000,59,100250000002000002,,,0,1100000000000000307,2
9011010025000000,11,100250000006000002,,,0,1100000000000000306,6
9011010025100000,2,100251000001000001,,,1,1100000000000000309,1
9011010025500000,14,100255000001000002,,,1,1100000000000000314,1
9011010025500000,44,100255000001000003,,,1,1100000000000000314,1
9011010025500000,44,100255000007000001,,,1,1100000000000000317,7
9011010025500000,9,100255000017000001,,,1,1100000000000000315,17
9011010025500000,58,100255000019000001,,,1,1100000000000000313,19
9011010025500000,59,100255000025000001,,,1,1100000000000000311,25
9011010025500000,42,100255000031000001,,,1,1100000000000000318,31
9011010025500000,14,100255000917000001,,,1,1100000000000000315,917
9011010025500000,42,100255000001000001,,,1,1100000000000000314,1
9011010025500000,42,100255000029000002,,,1,1100000000000000312,29
9011010025500000,60,100255000115000001,,,1,1100000000000000310,115
9011010025500000,42,100255000003000001,,,1,1100000000000000316,3
9011010025500000,44,100255000003000002,,,1,1100000000000000316,3
9011010025500000,60,100255000029000001,,,1,1100000000000000312,29
9011010025500000,59,100255000029000003,,,1,1100000000000000312,29
9011010025500000,42,100255000007000002,,,1,1100000000000000317,7
9011010025500000,16,100255000017000002,,,1,1100000000000000315,17
9011010025600000,42,100256000001000002,,,1,1100000000000000320,1
9011010025600000,14,100256000103000001,,,1,1100000000000000319,103
9011010025600000,44,100256000001000001,,,1,1100000000000000320,1
9011010025600000,12,100256000103000002,,,1,1100000000000000319,103
9011010025600000,44,100256000016000001,,,0,1100000000000000322,16
9011010025600000,58,100256000018000001,,,0,1100000000000000323,18
9011010025600000,42,100256000002000001,,,0,1100000000000000324,2
9011010025600000,14,100256000006000001,,,0,1100000000000000321,6
9011010025600000,59,100256000014000002,,,0,1100000000000000325,14
9011010025600000,59,100256000006000002,,,0,1100000000000000321,6
9011010025600000,58,100256000006000003,,,0,1100000000000000321,6
9011010025600000,14,100256000014000001,,,0,1100000000000000325,14
9011010025600000,58,100256000014000003,,,0,1100000000000000325,14
9011010032000000,46,100320000005000001,,,1,1100000000000000445,5
9011010032000000,53,100320000011000002,,,1,1100000000000000445,11
9011010032000000,47,100320000017000001,,,1,1100000000000000441,17
9011010032000000,53,100320000017000002,,,1,1100000000000000441,17
9011010032000000,61,100320000105000002,,,1,1100000000000000450,105
9011010032000000,14,100320000107000001,,,1,1100000000000000450,107
9011010032000000,61,100320000107000002,,,1,1100000000000000450,107
9011010032000000,49,100320000111000001,,,1,1100000000000000450,111
9011010032000000,53,100320000003000002,,,1,1100000000000000440,3
9011010032000000,49,100320000101000002,,,1,1100000000000000448,101
9011010032000000,48,100320000103000001,,,1,1100000000000000449,103
9011010032000000,14,100320000105000001,,,1,1100000000000000450,105
9011010032000000,14,100320000109000001,,,1,1100000000000000450,109
9011010032000000,61,100320000109000002,,,1,1100000000000000450,109
9011010032000000,14,100320000113000001,,,1,1100000000000000451,113
9011010032000000,57,100320000115000001,,,1,1100000000000000451,115
9011010032000000,47,100320000001000001,,,1,1100000000000000442,1
9011010032000000,46,100320000007000001,,,1,1100000000000000445,7
9011010032000000,48,100320000111000002,,,1,1100000000000000450,111
9011010032000000,61,100320000113000002,,,1,1100000000000000451,113
9011010032000000,55,100320000121000001,,,1,1100000000000000447,121
9011010032000000,62,100320000123000001,,,1,1100000000000000454,123
9011010032000000,53,100320000001000002,,,1,1100000000000000442,1
9011010032000000,47,100320000003000001,,,1,1100000000000000440,3
9011010032000000,46,100320000009000001,,,1,1100000000000000445,9
9011010032000000,47,100320000011000001,,,1,1100000000000000445,11
9011010032000000,46,100320000013000001,,,1,1100000000000000444,13
9011010032000000,46,100320000015000001,,,1,1100000000000000444,15
9011010032000000,47,100320000019000001,,,1,1100000000000000443,19
9011010032000000,54,100320000021000001,,,1,1100000000000000443,21
9011010032000000,48,100320000101000001,,,1,1100000000000000448,101
9011010032000000,49,100320000103000002,,,1,1100000000000000449,103
9011010032000000,48,100320000117000001,,,1,1100000000000000452,117
9011010032000000,49,100320000117000002,,,1,1100000000000000452,117
9011010032000000,48,100320000119000001,,,1,1100000000000000447,119
9011010032000000,46,100320000008000001,,,0,1100000000000000456,8
9011010032000000,47,100320000012000001,,,0,1100000000000000456,12
9011010032000000,46,100320000014000001,,,0,1100000000000000457,14
9011010032000000,46,100320000016000001,,,0,1100000000000000446,16
9011010032000000,47,100320000018000002,,,0,1100000000000000446,18
9011010032000000,14,100320000106000001,,,0,1100000000000000461,106
9011010032000000,14,100320000110000001,,,0,1100000000000000461,110
9011010032000000,48,100320000112000002,,,0,1100000000000000461,112
9011010032000000,48,100320000118000001,,,0,1100000000000000453,118
9011010032000000,47,100320000002000001,,,0,1100000000000000458,2
9011010032000000,49,100320000112000001,,,0,1100000000000000461,112
9011010032000000,49,100320000118000002,,,0,1100000000000000453,118
9011010032000000,53,100320000002000002,,,0,1100000000000000458,2
9011010032000000,53,100320000004000002,,,0,1100000000000000455,4
9011010032000000,46,100320000006000001,,,0,1100000000000000456,6
9011010032000000,46,100320000010000001,,,0,1100000000000000456,10
9011010032000000,53,100320000012000002,,,0,1100000000000000456,12
9011010032000000,48,100320000102000001,,,0,1100000000000000460,102
9011010032000000,49,100320000102000002,,,0,1100000000000000460,102
9011010032000000,48,100320000104000001,,,0,1100000000000000459,104
9011010032000000,49,100320000104000002,,,0,1100000000000000459,104
9011010032000000,61,100320000106000002,,,0,1100000000000000461,106
9011010032000000,47,100320000004000001,,,0,1100000000000000455,4
9011010032000000,53,100320000018000001,,,0,1100000000000000446,18
9011010032000000,14,100320000108000001,,,0,1100000000000000461,108
9011010032000000,61,100320000108000002,,,0,1100000000000000461,108
9011010032000000,61,100320000110000002,,,0,1100000000000000461,110
9011010032000000,14,100320000114000001,,,0,1100000000000000461,114
9011010032000000,61,100320000114000002,,,0,1100000000000000461,114
9011010032000000,57,100320000116000001,,,0,1100000000000000453,116
9011010035000000,2,100350000005000001,,,1,1100000000000000462,5
9011010035000000,12,100350000007000001,,,1,1100000000000000462,7
9011010035000000,14,100350000009000002,,,1,1100000000000000462,9
9011010035000000,2,100350000001000001,,,1,1100000000000000462,1
9011010035000000,2,100350000003000001,,,1,1100000000000000464,3
9011010035000000,2,100350000011000001,,,1,1100000000000000465,11
9011010035000000,2,100350000013000001,,,1,1100000000000000462,13
9011010035000000,14,100350000007000002,,,1,1100000000000000462,7
9011010035000000,12,100350000009000001,,,1,1100000000000000462,9
9011010035000000,63,100350000015000001,,,1,1100000000000000466,15
9011010035000000,64,100350000015000002,,,1,1100000000000000466,15
9011010035000000,12,100350000017000001,,,1,1100000000000000462,17
9011010035000000,14,100350000017000002,,,1,1100000000000000462,17
9011010035000000,2,100350000006000001,,,0,1100000000000000470,6
9011010035000000,12,100350000010000001,,,0,1100000000000000463,10
9011010035000000,2,100350000002000001,,,0,1100000000000000471,2
9011010035000000,2,100350000004000001,,,0,1100000000000000469,4
9011010035000000,2,100350000008000001,,,0,1100000000000000463,8
9011010035000000,14,100350000012000002,,,0,1100000000000000463,12
9011010035000000,64,100350000014000002,,,0,1100000000000000463,14
9011010035000000,12,100350000018000001,,,0,1100000000000000463,18
9011010035000000,14,100350000010000002,,,0,1100000000000000463,10
9011010035000000,12,100350000012000001,,,0,1100000000000000463,12
9011010035000000,63,100350000014000001,,,0,1100000000000000463,14
9011010035000000,2,100350000016000001,,,0,1100000000000000467,16
9011010035000000,65,100350000620000001,,,0,1100000000000000468,620
9011010035000000,14,100350000018000002,,,0,1100000000000000463,18
9011010036200000,61,100362000001000001,,,1,1100000000000000472,1
9011010036200000,46,100362000001000002,,,1,1100000000000000472,1
9011010037000000,57,100370000001000001,,,1,1100000000000000473,1
9011010037000000,46,100370000001000002,,,1,1100000000000000473,1
9011010037000000,53,100370000003000003,,,1,1100000000000000475,3
9011010037000000,50,100370000005000001,,,1,1100000000000000474,5
9011010037000000,8,100370000005000002,,,1,1100000000000000474,5
9011010037000000,48,100370000003000002,,,1,1100000000000000475,3
9011010037000000,47,100370000003000004,,,1,1100000000000000475,3
9011010037000000,49,100370000003000001,,,1,1100000000000000475,3
9011010037000000,57,100370000002000001,,,0,1100000000000000477,2
9011010037000000,53,100370000004000003,,,0,1100000000000000478,4
9011010037000000,47,100370000004000004,,,0,1100000000000000478,4
9011010037000000,49,100370000004000001,,,0,1100000000000000478,4
9011010037000000,46,100370000002000002,,,0,1100000000000000477,2
9011010037000000,8,100370000006000002,,,0,1100000000000000476,6
9011010037000000,48,100370000004000002,,,0,1100000000000000478,4
9011010037000000,50,100370000006000001,,,0,1100000000000000476,6
9011010041300000,2,100413000003000001,,,1,1100000000000000287,3
9011010041300000,14,100413000019000002,,,1,1100000000000000287,19
9011010041300000,2,100413000023000001,,,1,1100000000000000287,23
9011010041300000,63,100413000025000001,,,1,1100000000000000287,25
9011010041300000,64,100413000025000002,,,1,1100000000000000287,25
9011010041300000,2,100413000031000001,,,1,1100000000000000287,31
9011010041300000,6,100413000035000001,,,1,1100000000000000286,35
9011010041300000,66,100413000043000002,,,1,1100000000000000286,43
9011010041300000,66,100413000047000001,,,1,1100000000000000286,47
9011010041300000,67,100413000057000002,,,1,1100000000000000286,57
9011010041300000,2,100413000005000001,,,1,1100000000000000287,5
9011010041300000,63,100413000009000001,,,1,1100000000000000287,9
9011010041300000,64,100413000013000001,,,1,1100000000000000287,13
9011010041300000,63,100413000013000002,,,1,1100000000000000287,13
9011010041300000,2,100413000015000001,,,1,1100000000000000287,15
9011010041300000,2,100413000017000001,,,1,1100000000000000287,17
9011010041300000,65,100413000037000001,,,1,1100000000000000286,37
9011010041300000,66,100413000037000002,,,1,1100000000000000286,37
9011010041300000,65,100413000039000001,,,1,1100000000000000286,39
9011010041300000,66,100413000039000002,,,1,1100000000000000286,39
9011010041300000,6,100413000045000001,,,1,1100000000000000286,45
9011010041300000,7,100413000049000001,,,1,1100000000000000286,49
9011010041300000,7,100413000059000001,,,1,1100000000000000286,59
9011010041300000,67,100413000061000002,,,1,1100000000000000286,61
9011010041300000,2,100413000001000001,,,1,1100000000000000287,1
9011010041300000,64,100413000009000002,,,1,1100000000000000287,9
9011010041300000,2,100413000033000001,,,1,1100000000000000287,33
9011010041300000,65,100413000043000001,,,1,1100000000000000286,43
9011010041300000,7,100413000055000001,,,1,1100000000000000286,55
9011010041300000,68,100413000057000001,,,1,1100000000000000286,57
9011010041300000,2,100413000007000001,,,1,1100000000000000287,7
9011010041300000,2,100413000011000001,,,1,1100000000000000287,11
9011010041300000,12,100413000019000001,,,1,1100000000000000287,19
9011010041300000,2,100413000021000001,,,1,1100000000000000287,21
9011010041300000,2,100413000027000001,,,1,1100000000000000287,27
9011010041300000,2,100413000029000001,,,1,1100000000000000287,29
9011010041300000,6,100413000041000001,,,1,1100000000000000286,41
9011010041300000,65,100413000047000002,,,1,1100000000000000286,47
9011010041300000,7,100413000051000001,,,1,1100000000000000286,51
9011010041300000,7,100413000053000001,,,1,1100000000000000286,53
9011010041300000,68,100413000061000001,,,1,1100000000000000286,61
9011010041400000,63,100414000009000001,,,1,1100000000000000526,9
9011010041400000,7,100414000019000001,,,1,1100000000000000526,19
9011010041400000,67,100414000023000002,,,1,1100000000000000526,23
9011010041400000,67,100414000025000002,,,1,1100000000000000526,25
9011010041400000,2,100414000007000001,,,1,1100000000000000526,7
9011010041400000,65,100414000015000001,,,1,1100000000000000526,15
9011010041400000,65,100414000017000001,,,1,1100000000000000526,17
9011010041400000,7,100414000021000001,,,1,1100000000000000526,21
9011010041400000,68,100414000023000001,,,1,1100000000000000526,23
9011010041400000,68,100414000025000001,,,1,1100000000000000526,25
9011010041400000,2,100414000005000001,,,1,1100000000000000526,5
9011010041400000,64,100414000009000002,,,1,1100000000000000526,9
9011010041400000,66,100414000017000002,,,1,1100000000000000526,17
9011010041400000,12,100414000001000001,,,1,1100000000000000526,1
9011010041400000,14,100414000001000002,,,1,1100000000000000526,1
9011010041400000,2,100414000003000001,,,1,1100000000000000526,3
9011010041400000,65,100414000011000001,,,1,1100000000000000526,11
9011010041400000,66,100414000011000002,,,1,1100000000000000526,11
9011010041400000,6,100414000013000001,,,1,1100000000000000526,13
9011010041400000,66,100414000015000002,,,1,1100000000000000526,15
9011010041400000,66,100414000014000001,,,0,1100000000000000527,14
9011010041400000,66,100414000016000001,,,0,1100000000000000527,16
9011010041400000,68,100414000022000001,,,0,1100000000000000527,22
9011010041400000,67,100414000022000002,,,0,1100000000000000527,22
9011010041400000,68,100414000026000001,,,0,1100000000000000527,26
9011010041400000,2,100414000006000001,,,0,1100000000000000527,6
9011010041400000,63,100414000008000001,,,0,1100000000000000527,8
9011010041400000,65,100414000018000001,,,0,1100000000000000527,18
9011010041400000,67,100414000024000001,,,0,1100000000000000527,24
9011010041400000,2,100414000010000001,,,0,1100000000000000527,10
9011010041400000,6,100414000012000001,,,0,1100000000000000527,12
9011010041400000,65,100414000014000002,,,0,1100000000000000527,14
9011010041400000,66,100414000018000002,,,0,1100000000000000527,18
9011010041400000,7,100414000020000001,,,0,1100000000000000527,20
9011010041400000,67,100414000026000002,,,0,1100000000000000527,26
9011010041400000,2,100414000002000001,,,0,1100000000000000527,2
9011010041400000,2,100414000004000001,,,0,1100000000000000527,4
9011010041400000,64,100414000008000002,,,0,1100000000000000527,8
9011010041400000,65,100414000016000002,,,0,1100000000000000527,16
9011010041400000,68,100414000024000002,,,0,1100000000000000527,24
9011010043200000,2,100432000003000001,,,1,1100000000000000423,3
9011010043200000,2,100432000005000001,,,1,1100000000000000413,5
9011010043200000,64,100432000015000002,,,1,1100000000000000413,15
9011010043200000,2,100432000021000001,,,1,1100000000000000423,21
9011010043200000,64,100432000023000002,,,1,1100000000000000413,23
9011010043200000,64,100432000031000002,,,1,1100000000000000413,31
9011010043200000,2,100432000039000001,,,1,1100000000000000413,39
9011010043200000,2,100432000047000001,,,1,1100000000000000413,47
9011010043200000,2,100432000049000001,,,1,1100000000000000423,49
9011010043200000,2,100432000053000001,,,1,1100000000000000420,53
9011010043200000,2,100432000055000001,,,1,1100000000000000413,55
9011010043200000,2,100432000063000001,,,1,1100000000000000423,63
9011010043200000,6,100432000077000001,,,1,1100000000000000417,77
9011010043200000,66,100432000083000001,,,1,1100000000000000411,83
9011010043200000,65,100432000083000002,,,1,1100000000000000411,83
9011010043200000,64,100432000001000001,,,1,1100000000000000413,1
9011010043200000,14,100432000009000001,,,1,1100000000000000422,9
9011010043200000,12,100432000009000002,,,1,1100000000000000422,9
9011010043200000,2,100432000017000001,,,1,1100000000000000420,17
9011010043200000,2,100432000025000001,,,1,1100000000000000420,25
9011010043200000,2,100432000043000001,,,1,1100000000000000413,43
9011010043200000,64,100432000057000001,,,1,1100000000000000423,57
9011010043200000,63,100432000057000002,,,1,1100000000000000423,57
9011010043200000,2,100432000059000001,,,1,1100000000000000413,59
9011010043200000,66,100432000065000001,,,1,1100000000000000417,65
9011010043200000,65,100432000067000001,,,1,1100000000000000411,67
9011010043200000,66,100432000067000002,,,1,1100000000000000411,67
9011010043200000,6,100432000069000001,,,1,1100000000000000417,69
9011010043200000,6,100432000071000001,,,1,1100000000000000411,71
9011010043200000,65,100432000073000001,,,1,1100000000000000417,73
9011010043200000,66,100432000073000002,,,1,1100000000000000417,73
9011010043200000,66,100432000075000002,,,1,1100000000000000411,75
9011010043200000,65,100432000081000001,,,1,1100000000000000417,81
9011010043200000,66,100432000081000002,,,1,1100000000000000417,81
9011010043200000,65,100432000089000002,,,1,1100000000000000417,89
9011010043200000,7,100432000097000001,,,1,1100000000000000411,97
9011010043200000,7,100432000105000001,,,1,1100000000000000411,105
9011010043200000,7,100432000109000001,,,1,1100000000000000411,109
9011010043200000,68,100432000113000001,,,1,1100000000000000411,113
9011010043200000,67,100432000119000001,,,1,1100000000000000417,119
9011010043200000,7,100432000123000001,,,1,1100000000000000424,123
9011010043200000,68,100432000415000001,,,1,1100000000000000416,415
9011010043200000,63,100432000457000001,,,1,1100000000000000437,457
9011010043200000,63,100432000459000001,,,1,1100000000000000437,459
9011010043200000,6,100432000087000001,,,1,1100000000000000411,87
9011010043200000,6,100432000093000001,,,1,1100000000000000417,93
9011010043200000,7,100432000095000001,,,1,1100000000000000417,95
9011010043200000,7,100432000103000001,,,1,1100000000000000417,103
9011010043200000,68,100432000119000002,,,1,1100000000000000417,119
9011010043200000,67,100432000121000001,,,1,1100000000000000414,121
9011010043200000,68,100432000121000002,,,1,1100000000000000414,121
9011010043200000,63,100432000001000002,,,1,1100000000000000413,1
9011010043200000,2,100432000027000001,,,1,1100000000000000419,27
9011010043200000,14,100432000029000002,,,1,1100000000000000423,29
9011010043200000,63,100432000031000001,,,1,1100000000000000413,31
9011010043200000,2,100432000037000001,,,1,1100000000000000420,37
9011010043200000,65,100432000065000002,,,1,1100000000000000417,65
9011010043200000,6,100432000079000001,,,1,1100000000000000411,79
9011010043200000,66,100432000089000001,,,1,1100000000000000417,89
9011010043200000,65,100432000091000001,,,1,1100000000000000411,91
9011010043200000,7,100432000099000001,,,1,1100000000000000417,99
9011010043200000,7,100432000101000001,,,1,1100000000000000411,101
9011010043200000,67,100432000111000002,,,1,1100000000000000417,111
9011010043200000,2,100432000007000001,,,1,1100000000000000412,7
9011010043200000,2,100432000011000001,,,1,1100000000000000439,11
9011010043200000,2,100432000013000001,,,1,1100000000000000421,13
9011010043200000,63,100432000015000001,,,1,1100000000000000413,15
9011010043200000,2,100432000019000001,,,1,1100000000000000413,19
9011010043200000,63,100432000023000001,,,1,1100000000000000413,23
9011010043200000,12,100432000029000001,,,1,1100000000000000423,29
9011010043200000,2,100432000033000001,,,1,1100000000000000418,33
9011010043200000,64,100432000035000001,,,1,1100000000000000413,35
9011010043200000,63,100432000035000002,,,1,1100000000000000413,35
9011010043200000,2,100432000041000001,,,1,1100000000000000423,41
9011010043200000,2,100432000045000001,,,1,1100000000000000420,45
9011010043200000,2,100432000051000001,,,1,1100000000000000413,51
9011010043200000,2,100432000061000001,,,1,1100000000000000423,61
9011010043200000,65,100432000075000001,,,1,1100000000000000411,75
9011010043200000,6,100432000085000001,,,1,1100000000000000417,85
9011010043200000,66,100432000091000002,,,1,1100000000000000411,91
9011010043200000,7,100432000107000001,,,1,1100000000000000417,107
9011010043200000,68,100432000111000001,,,1,1100000000000000417,111
9011010043200000,67,100432000113000002,,,1,1100000000000000411,113
9011010043200000,7,100432000115000001,,,1,1100000000000000417,115
9011010043200000,7,100432000117000001,,,1,1100000000000000411,117
9011010043200000,6,100432000125000001,,,1,1100000000000000415,125
9011010043200000,2,100432000008000001,,,0,1100000000000000435,8
9011010043200000,63,100432000012000001,,,0,1100000000000000435,12
9011010043200000,64,100432000012000002,,,0,1100000000000000435,12
9011010043200000,63,100432000020000001,,,0,1100000000000000435,20
9011010043200000,2,100432000024000001,,,0,1100000000000000435,24
9011010043200000,2,100432000042000001,,,0,1100000000000000428,42
9011010043200000,63,100432000054000001,,,0,1100000000000000436,54
9011010043200000,2,100432000056000001,,,0,1100000000000000427,56
9011010043200000,6,100432000066000001,,,0,1100000000000000432,66
9011010043200000,6,100432000076000001,,,0,1100000000000000431,76
9011010043200000,66,100432000080000002,,,0,1100000000000000431,80
9011010043200000,6,100432000082000001,,,0,1100000000000000432,82
9011010043200000,2,100432000014000001,,,0,1100000000000000425,14
9011010043200000,2,100432000016000001,,,0,1100000000000000435,16
9011010043200000,2,100432000018000001,,,0,1100000000000000426,18
9011010043200000,64,100432000020000002,,,0,1100000000000000435,20
9011010043200000,14,100432000026000002,,,0,1100000000000000426,26
9011010043200000,63,100432000028000001,,,0,1100000000000000435,28
9011010043200000,2,100432000030000001,,,0,1100000000000000426,30
9011010043200000,63,100432000032000001,,,0,1100000000000000427,32
9011010043200000,2,100432000050000001,,,0,1100000000000000428,50
9011010043200000,65,100432000064000002,,,0,1100000000000000431,64
9011010043200000,66,100432000072000002,,,0,1100000000000000431,72
9011010043200000,6,100432000074000001,,,0,1100000000000000432,74
9011010043200000,65,100432000086000001,,,0,1100000000000000432,86
9011010043200000,65,100432000088000002,,,0,1100000000000000431,88
9011010043200000,6,100432000094000001,,,0,1100000000000000434,94
9011010043200000,7,100432000104000001,,,0,1100000000000000431,104
9011010043200000,68,100432000112000001,,,0,1100000000000000431,112
9011010043200000,7,100432000116000001,,,0,1100000000000000431,116
9011010043200000,68,100432000118000001,,,0,1100000000000000432,118
9011010043200000,67,100432000118000002,,,0,1100000000000000432,118
9011010043200000,67,100432000120000001,,,0,1100000000000000431,120
9011010043200000,68,100432000120000002,,,0,1100000000000000431,120
9011010043200000,7,100432000122000001,,,0,1100000000000000433,122
9011010043200000,66,100432000088000001,,,0,1100000000000000431,88
9011010043200000,7,100432000098000001,,,0,1100000000000000432,98
9011010043200000,7,100432000100000001,,,0,1100000000000000431,100
9011010043200000,7,100432000106000001,,,0,1100000000000000432,106
9011010043200000,7,100432000114000001,,,0,1100000000000000432,114
9011010043200000,63,100432000448000001,,,0,1100000000000000438,448
9011010043200000,2,100432000004000001,,,0,1100000000000000435,4
9011010043200000,2,100432000006000001,,,0,1100000000000000425,6
9011010043200000,2,100432000010000001,,,0,1100000000000000426,10
9011010043200000,12,100432000026000001,,,0,1100000000000000426,26
9011010043200000,64,100432000028000002,,,0,1100000000000000435,28
9011010043200000,2,100432000044000001,,,0,1100000000000000427,44
9011010043200000,2,100432000046000001,,,0,1100000000000000436,46
9011010043200000,2,100432000052000001,,,0,1100000000000000427,52
9011010043200000,64,100432000054000002,,,0,1100000000000000436,54
9011010043200000,2,100432000060000001,,,0,1100000000000000429,60
9011010043200000,66,100432000070000001,,,0,1100000000000000432,70
9011010043200000,65,100432000072000001,,,0,1100000000000000431,72
9011010043200000,65,100432000078000001,,,0,1100000000000000432,78
9011010043200000,66,100432000078000002,,,0,1100000000000000432,78
9011010043200000,6,100432000084000001,,,0,1100000000000000431,84
9011010043200000,66,100432000086000002,,,0,1100000000000000432,86
9011010043200000,6,100432000092000001,,,0,1100000000000000433,92
9011010043200000,7,100432000102000001,,,0,1100000000000000432,102
9011010043200000,68,100432000110000001,,,0,1100000000000000432,110
9011010043200000,67,100432000112000002,,,0,1100000000000000431,112
9011010043200000,65,100432000124000001,,,0,1100000000000000434,124
9011010043200000,2,100432000002000001,,,0,1100000000000000436,2
9011010043200000,2,100432000022000001,,,0,1100000000000000425,22
9011010043200000,64,100432000032000002,,,0,1100000000000000427,32
9011010043200000,2,100432000034000001,,,0,1100000000000000428,34
9011010043200000,2,100432000036000001,,,0,1100000000000000427,36
9011010043200000,2,100432000038000001,,,0,1100000000000000436,38
9011010043200000,2,100432000040000001,,,0,1100000000000000427,40
9011010043200000,2,100432000048000001,,,0,1100000000000000427,48
9011010043200000,2,100432000058000001,,,0,1100000000000000436,58
9011010043200000,2,100432000062000001,,,0,1100000000000000430,62
9011010043200000,66,100432000064000001,,,0,1100000000000000431,64
9011010043200000,6,100432000068000001,,,0,1100000000000000431,68
9011010043200000,65,100432000070000002,,,0,1100000000000000432,70
9011010043200000,65,100432000080000001,,,0,1100000000000000431,80
9011010043200000,6,100432000090000001,,,0,1100000000000000432,90
9011010043200000,7,100432000096000001,,,0,1100000000000000431,96
9011010043200000,7,100432000108000001,,,0,1100000000000000431,108
9011010043200000,67,100432000110000002,,,0,1100000000000000432,110
9011010043200000,65,100432000126000001,,,0,1100000000000000434,126
9011010043300000,2,100433000008000001,,,1,1100000000000000529,8
9011010043300000,2,100433000010000001,,,1,1100000000000000529,10
9011010043300000,2,100433000014000001,,,1,1100000000000000530,14
9011010043300000,2,100433000016000001,,,1,1100000000000000529,16
9011010043300000,63,100433000002000001,,,1,1100000000000000528,2
9011010043300000,2,100433000012000001,,,1,1100000000000000530,12
9011010043300000,64,100433000002000002,,,1,1100000000000000528,2
9011010043300000,2,100433000004000001,,,1,1100000000000000529,4
9011010043300000,2,100433000006000001,,,1,1100000000000000529,6
9011010043300000,63,100433000001000001,,,0,1100000000000000533,1
9011010043300000,64,100433000003000002,,,0,1100000000000000534,3
9011010043300000,2,100433000005000001,,,0,1100000000000000531,5
9011010043300000,2,100433000015000001,,,0,1100000000000000532,15
9011010043300000,2,100433000007000001,,,0,1100000000000000531,7
9011010043300000,2,100433000011000001,,,0,1100000000000000535,11
9011010043300000,2,100433000013000001,,,0,1100000000000000536,13
9011010043300000,64,100433000001000002,,,0,1100000000000000533,1
9011010043300000,63,100433000003000001,,,0,1100000000000000534,3
9011010043300000,2,100433000017000001,,,0,1100000000000000532,17
9011010043300000,2,100433000009000001,,,0,1100000000000000531,9
9011010043400000,14,100434000008000001,,,1,1100000000000000538,8
9011010043400000,12,100434000008000002,,,1,1100000000000000538,8
9011010043400000,2,100434000002000001,,,1,1100000000000000537,2
9011010043400000,12,100434000006000001,,,1,1100000000000000538,6
9011010043400000,2,100434000004000001,,,1,1100000000000000538,4
9011010050000000,9,100500000005000001,,,1,1100000000000000570,5
9011010050000000,10,100500000005000002,,,1,1100000000000000570,5
9011010050000000,10,100500000007000003,,,1,1100000000000000570,7
9011010050000000,14,100500000015000001,,,1,1100000000000000570,15
9011010050000000,7,100500000031000001,,,1,1100000000000000570,31
9011010050000000,7,100500000033000001,,,1,1100000000000000570,33
9011010050000000,14,100500000001000002,,,1,1100000000000000571,1
9011010050000000,2,100500000003000001,,,1,1100000000000000570,3
9011010050000000,14,100500000009000002,,,1,1100000000000000570,9
9011010050000000,10,100500000011000002,,,1,1100000000000000570,11
9011010050000000,12,100500000015000002,,,1,1100000000000000570,15
9011010050000000,9,100500000017000001,,,1,1100000000000000570,17
9011010050000000,6,100500000021000001,,,1,1100000000000000570,21
9011010050000000,6,100500000027000001,,,1,1100000000000000570,27
9011010050000000,7,100500000029000001,,,1,1100000000000000570,29
9011010050000000,12,100500000001000001,,,1,1100000000000000571,1
9011010050000000,10,100500000017000002,,,1,1100000000000000570,17
9011010050000000,9,100500000019000001,,,1,1100000000000000570,19
9011010050000000,10,100500000019000002,,,1,1100000000000000570,19
9011010050000000,69,100500000007000001,,,1,1100000000000000570,7
9011010050000000,70,100500000007000002,,,1,1100000000000000570,7
9011010050000000,12,100500000009000001,,,1,1100000000000000570,9
9011010050000000,9,100500000011000001,,,1,1100000000000000570,11
9011010050000000,2,100500000013000001,,,1,1100000000000000570,13
9011010050000000,6,100500000023000001,,,1,1100000000000000570,23
9011010050000000,6,100500000025000001,,,1,1100000000000000570,25
9011010050000000,70,100500000008000002,,,0,1100000000000000572,8
9011010050000000,9,100500000010000001,,,0,1100000000000000572,10
9011010050000000,10,100500000010000002,,,0,1100000000000000572,10
9011010050000000,9,100500000004000001,,,0,1100000000000000572,4
9011010050000000,12,100500000006000001,,,0,1100000000000000572,6
9011010050000000,14,100500000014000001,,,0,1100000000000000572,14
9011010050000000,6,100500000022000001,,,0,1100000000000000575,22
9011010050000000,7,100500000030000001,,,0,1100000000000000575,30
9011010050000000,7,100500000034000001,,,0,1100000000000000575,34
9011010050000000,2,100500000002000001,,,0,1100000000000000574,2
9011010050000000,10,100500000008000003,,,0,1100000000000000572,8
9011010050000000,2,100500000012000001,,,0,1100000000000000572,12
9011010050000000,10,100500000016000001,,,0,1100000000000000573,16
9011010050000000,10,100500000018000002,,,0,1100000000000000573,18
9011010050000000,14,100500000020000002,,,0,1100000000000000575,20
9011010050000000,6,100500000026000001,,,0,1100000000000000575,26
9011010050000000,10,100500000004000002,,,0,1100000000000000572,4
9011010050000000,14,100500000006000002,,,0,1100000000000000572,6
9011010050000000,69,100500000008000001,,,0,1100000000000000572,8
9011010050000000,12,100500000014000002,,,0,1100000000000000572,14
9011010050000000,9,100500000016000002,,,0,1100000000000000573,16
9011010050000000,9,100500000018000001,,,0,1100000000000000573,18
9011010050000000,12,100500000020000001,,,0,1100000000000000575,20
9011010050000000,6,100500000024000001,,,0,1100000000000000575,24
9011010050000000,6,100500000028000001,,,0,1100000000000000575,28
9011010050000000,7,100500000032000001,,,0,1100000000000000575,32
9011010060000000,11,100600000005000001,,,1,1100000000000000636,5
9011010060000000,9,100600000015000001,,,1,1100000000000000640,15
9011010060000000,9,100600000023000001,,,1,1100000000000000631,23
9011010060000000,9,100600000025000001,,,1,1100000000000000631,25
9011010060000000,33,100600000029000002,,,1,1100000000000000631,29
9011010060000000,9,100600000031000001,,,1,1100000000000000631,31
9011010060000000,33,100600000033000002,,,1,1100000000000000633,33
9011010060000000,33,100600000039000002,,,1,1100000000000000630,39
9011010060000000,70,100600000043000002,,,1,1100000000000000629,43
9011010060000000,9,100600000045000001,,,1,1100000000000000632,45
9011010060000000,33,100600000001000002,,,1,1100000000000000634,1
9011010060000000,9,100600000007000001,,,1,1100000000000000637,7
9011010060000000,11,100600000011000001,,,1,1100000000000000641,11
9011010060000000,33,100600000011000002,,,1,1100000000000000641,11
9011010060000000,9,100600000013000001,,,1,1100000000000000639,13
9011010060000000,9,100600000017000001,,,1,1100000000000000631,17
9011010060000000,11,100600000019000001,,,1,1100000000000000631,19
9011010060000000,33,100600000019000002,,,1,1100000000000000631,19
9011010060000000,33,100600000027000002,,,1,1100000000000000631,27
9011010060000000,11,100600000033000001,,,1,1100000000000000633,33
9011010060000000,9,100600000037000001,,,1,1100000000000000639,37
9011010060000000,69,100600000043000001,,,1,1100000000000000629,43
9011010060000000,11,100600000001000001,,,1,1100000000000000634,1
9011010060000000,9,100600000003000001,,,1,1100000000000000635,3
9011010060000000,69,100600000009000001,,,1,1100000000000000638,9
9011010060000000,70,100600000009000002,,,1,1100000000000000638,9
9011010060000000,33,100600000021000002,,,1,1100000000000000631,21
9011010060000000,9,100600000035000001,,,1,1100000000000000636,35
9011010060000000,33,100600000005000002,,,1,1100000000000000636,5
9011010060000000,11,100600000021000001,,,1,1100000000000000631,21
9011010060000000,11,100600000027000001,,,1,1100000000000000631,27
9011010060000000,11,100600000029000001,,,1,1100000000000000631,29
9011010060000000,11,100600000039000001,,,1,1100000000000000630,39
9011010060000000,9,100600000041000001,,,1,1100000000000000639,41
9011010060000000,9,100600000008000001,,,0,1100000000000000626,8
9011010060000000,11,100600000018000001,,,0,1100000000000000625,18
9011010060000000,33,100600000018000002,,,0,1100000000000000625,18
9011010060000000,9,100600000022000001,,,0,1100000000000000625,22
9011010060000000,33,100600000026000002,,,0,1100000000000000627,26
9011010060000000,70,100600000034000002,,,0,1100000000000000623,34
9011010060000000,69,100600000004000001,,,0,1100000000000000624,4
9011010060000000,70,100600000004000002,,,0,1100000000000000624,4
9011010060000000,9,100600000006000001,,,0,1100000000000000625,6
9011010060000000,33,100600000012000002,,,0,1100000000000000625,12
9011010060000000,9,100600000016000001,,,0,1100000000000000625,16
9011010060000000,11,100600000020000001,,,0,1100000000000000625,20
9011010060000000,9,100600000030000001,,,0,1100000000000000628,30
9011010060000000,69,100600000034000001,,,0,1100000000000000623,34
9011010060000000,11,100600000040000001,,,0,1100000000000000625,40
9011010060000000,39,100600000502000002,,,0,1100000000000000628,502
9011010060000000,9,100600000002000001,,,0,1100000000000000622,2
9011010060000000,9,100600000014000001,,,0,1100000000000000625,14
9011010060000000,9,100600000028000001,,,0,1100000000000000625,28
9011010060000000,11,100600000038000001,,,0,1100000000000000625,38
9011010060000000,33,100600000038000002,,,0,1100000000000000625,38
9011010060000000,40,100600000502000001,,,0,1100000000000000628,502
9011010060000000,11,100600000010000001,,,0,1100000000000000625,10
9011010060000000,33,100600000010000002,,,0,1100000000000000625,10
9011010060000000,11,100600000012000001,,,0,1100000000000000625,12
9011010060000000,33,100600000020000002,,,0,1100000000000000625,20
9011010060000000,9,100600000024000001,,,0,1100000000000000625,24
9011010060000000,11,100600000026000001,,,0,1100000000000000627,26
9011010060000000,11,100600000032000001,,,0,1100000000000000621,32
9011010060000000,33,100600000032000002,,,0,1100000000000000621,32
9011010060000000,9,100600000036000001,,,0,1100000000000000627,36
9011010060000000,33,100600000040000002,,,0,1100000000000000625,40
9011010063000000,2,100630000005000001,,,1,1100000000000000646,5
9011010063000000,71,100630000011000002,,,1,1100000000000000644,11
9011010063000000,54,100630000017000001,,,1,1100000000000000643,17
9011010063000000,8,100630000031000002,,,1,1100000000000000643,31
9011010063000000,8,100630000035000001,,,1,1100000000000000643,35
9011010063000000,2,100630000009000001,,,1,1100000000000000645,9
9011010063000000,55,100630000017000002,,,1,1100000000000000643,17
9011010063000000,6,100630000023000001,,,1,1100000000000000643,23
9011010063000000,6,100630000027000001,,,1,1100000000000000642,27
9011010063000000,7,100630000029000001,,,1,1100000000000000643,29
9011010063000000,7,100630000041000001,,,1,1100000000000000642,41
9011010063000000,26,100630000511000001,,,1,1100000000000000644,511
9011010063000000,7,100630000037000001,,,1,1100000000000000643,37
9011010063000000,7,100630000039000001,,,1,1100000000000000643,39
9011010063000000,6,100630000013000001,,,1,1100000000000000643,13
9011010063000000,6,100630000015000001,,,1,1100000000000000643,15
9011010063000000,54,100630000019000001,,,1,1100000000000000643,19
9011010063000000,6,100630000025000001,,,1,1100000000000000642,25
9011010063000000,50,100630000035000002,,,1,1100000000000000643,35
9011010063000000,11,100630000511000002,,,1,1100000000000000644,511
9011010063000000,2,100630000001000001,,,1,1100000000000000648,1
9011010063000000,3,100630000003000001,,,1,1100000000000000647,3
9011010063000000,1,100630000003000002,,,1,1100000000000000647,3
9011010063000000,33,100630000011000001,,,1,1100000000000000644,11
9011010063000000,55,100630000019000002,,,1,1100000000000000643,19
9011010063000000,6,100630000021000001,,,1,1100000000000000643,21
9011010063000000,50,100630000031000001,,,1,1100000000000000643,31
9011010063000000,7,100630000033000001,,,1,1100000000000000643,33
9011010063000000,2,100630000107000001,,,1,1100000000000000649,107
9011010063000000,33,100630000012000001,,,0,1100000000000000653,12
9011010063000000,6,100630000014000001,,,0,1100000000000000651,14
9011010063000000,54,100630000018000001,,,0,1100000000000000651,18
9011010063000000,55,100630000018000002,,,0,1100000000000000651,18
9011010063000000,54,100630000020000001,,,0,1100000000000000651,20
9011010063000000,6,100630000024000001,,,0,1100000000000000651,24
9011010063000000,6,100630000026000001,,,0,1100000000000000651,26
9011010063000000,7,100630000032000001,,,0,1100000000000000651,32
9011010063000000,50,100630000034000001,,,0,1100000000000000651,34
9011010063000000,2,100630000006000001,,,0,1100000000000000654,6
9011010063000000,2,100630000008000001,,,0,1100000000000000654,8
9011010063000000,3,100630000010000001,,,0,1100000000000000656,10
9011010063000000,55,100630000020000002,,,0,1100000000000000651,20
9011010063000000,54,100630000030000001,,,0,1100000000000000650,30
9011010063000000,7,100630000036000001,,,0,1100000000000000651,36
9011010063000000,7,100630000040000001,,,0,1100000000000000651,40
9011010063000000,8,100630000038000001,,,0,1100000000000000651,38
9011010063000000,50,100630000038000002,,,0,1100000000000000651,38
9011010063000000,8,100630000046000001,,,0,1100000000000000650,46
9011010063000000,2,100630000002000001,,,0,1100000000000000656,2
9011010063000000,52,100630000010000003,,,0,1100000000000000656,10
9011010063000000,6,100630000028000001,,,0,1100000000000000651,28
9011010063000000,8,100630000034000002,,,0,1100000000000000651,34
9011010063000000,26,100630000512000001,,,0,1100000000000000652,512
9011010063000000,2,100630000004000001,,,0,1100000000000000655,4
9011010063000000,51,100630000010000002,,,0,1100000000000000656,10
9011010063000000,71,100630000012000002,,,0,1100000000000000653,12
9011010063000000,6,100630000016000001,,,0,1100000000000000651,16
9011010063000000,6,100630000022000001,,,0,1100000000000000651,22
9011010063000000,55,100630000030000002,,,0,1100000000000000650,30
9011010063000000,7,100630000042000001,,,0,1100000000000000651,42
9011010063000000,7,100630000044000001,,,0,1100000000000000651,44
9011010063000000,11,100630000512000002,,,0,1100000000000000652,512
9011010063500000,51,100635000003000002,,,1,1100000000000000658,3
9011010063500000,3,100635000003000003,,,1,1100000000000000658,3
9011010063500000,71,100635000007000001,,,1,1100000000000000657,7
9011010063500000,33,100635000007000002,,,1,1100000000000000657,7
9011010063500000,2,100635000001000001,,,1,1100000000000000658,1
9011010063500000,52,100635000003000001,,,1,1100000000000000658,3
9011010063500000,3,100635000005000001,,,1,1100000000000000659,5
9011010063500000,3,100635000002000002,,,0,1100000000000000661,2
9011010063500000,1,100635000002000001,,,0,1100000000000000661,2
9011010063500000,2,100635000006000001,,,0,1100000000000000660,6
9011010063500000,10,100635000004000001,,,0,1100000000000000661,4
9011010063500000,9,100635000004000002,,,0,1100000000000000661,4
9011010068100000,3,100681000001000001,,,1,1100000000000000665,1
9011010068100000,72,100681000003000002,,,1,1100000000000000663,3
9011010068100000,18,100681000003000003,,,1,1100000000000000663,3
9011010068100000,14,100681000005000005,,,1,1100000000000000663,5
9011010068100000,73,100681000009000002,,,1,1100000000000000663,9
9011010068100000,17,100681000015000003,,,1,1100000000000000663,15
9011010068100000,14,100681000909000001,,,1,1100000000000000663,909
9011010068100000,1,100681000001000002,,,1,1100000000000000665,1
9011010068100000,74,100681000003000004,,,1,1100000000000000663,3
9011010068100000,14,100681000003000005,,,1,1100000000000000663,3
9011010068100000,38,100681000005000001,,,1,1100000000000000663,5
9011010068100000,44,100681000007000002,,,1,1100000000000000663,7
9011010068100000,74,100681000009000001,,,1,1100000000000000663,9
9011010068100000,12,100681000013000001,,,1,1100000000000000663,13
9011010068100000,22,100681000015000004,,,1,1100000000000000663,15
9011010068100000,14,100681000907000001,,,1,1100000000000000663,907
9011010068100000,38,100681000003000001,,,1,1100000000000000663,3
9011010068100000,74,100681000005000004,,,1,1100000000000000663,5
9011010068100000,28,100681000015000002,,,1,1100000000000000663,15
9011010068100000,14,100681000913000001,,,1,1100000000000000663,913
9011010068100000,72,100681000005000002,,,1,1100000000000000663,5
9011010068100000,18,100681000005000003,,,1,1100000000000000663,5
9011010068100000,42,100681000007000001,,,1,1100000000000000663,7
9011010068100000,2,100681000011000001,,,1,1100000000000000663,11
9011010068100000,18,100681000015000001,,,1,1100000000000000663,15
9011010068100000,18,100681000002000003,,,0,1100000000000000664,2
9011010068100000,72,100681000004000002,,,0,1100000000000000664,4
9011010068100000,2,100681000010000001,,,0,1100000000000000664,10
9011010068100000,18,100681000016000001,,,0,1100000000000000664,16
9011010068100000,28,100681000016000002,,,0,1100000000000000664,16
9011010068100000,17,100681000016000003,,,0,1100000000000000664,16
9011010068100000,22,100681000016000004,,,0,1100000000000000664,16
9011010068100000,38,100681000002000001,,,0,1100000000000000664,2
9011010068100000,38,100681000014000001,,,0,1100000000000000664,14
9011010068100000,14,100681000014000005,,,0,1100000000000000664,14
9011010068100000,74,100681000002000004,,,0,1100000000000000664,2
9011010068100000,14,100681000002000005,,,0,1100000000000000664,2
9011010068100000,38,100681000004000001,,,0,1100000000000000664,4
9011010068100000,18,100681000004000003,,,0,1100000000000000664,4
9011010068100000,74,100681000004000004,,,0,1100000000000000664,4
9011010068100000,14,100681000004000005,,,0,1100000000000000664,4
9011010068100000,44,100681000006000002,,,0,1100000000000000664,6
9011010068100000,74,100681000008000001,,,0,1100000000000000664,8
9011010068100000,73,100681000008000002,,,0,1100000000000000664,8
9011010068100000,72,100681000014000002,,,0,1100000000000000664,14
9011010068100000,14,100681000912000001,,,0,1100000000000000664,912
9011010068100000,72,100681000002000002,,,0,1100000000000000664,2
9011010068100000,42,100681000006000001,,,0,1100000000000000664,6
9011010068100000,12,100681000012000001,,,0,1100000000000000664,12
9011010068100000,18,100681000014000003,,,0,1100000000000000664,14
9011010068100000,74,100681000014000004,,,0,1100000000000000664,14
9011010068100000,14,100681000906000001,,,0,1100000000000000664,906
9011010068100000,14,100681000908000001,,,0,1100000000000000664,908
9011010068200000,18,100682000009000005,,,1,1100000000000000671,9
9011010068200000,74,100682000017000003,,,1,1100000000000000674,17
9011010068200000,14,100682000017000004,,,1,1100000000000000674,17
9011010068200000,12,100682000001000001,,,1,1100000000000000666,1
9011010068200000,2,100682000007000001,,,1,1100000000000000669,7
9011010068200000,72,100682000009000003,,,1,1100000000000000671,9
9011010068200000,38,100682000009000004,,,1,1100000000000000671,9
9011010068200000,22,100682000013000004,,,1,1100000000000000670,13
9011010068200000,17,100682000015000003,,,1,1100000000000000673,15
9011010068200000,22,100682000015000004,,,1,1100000000000000673,15
9011010068200000,2,100682000019000001,,,1,1100000000000000672,19
9011010068200000,6,100682000021000001,,,1,1100000000000000672,21
9011010068200000,74,100682000009000002,,,1,1100000000000000671,9
9011010068200000,28,100682000013000002,,,1,1100000000000000670,13
9011010068200000,17,100682000013000003,,,1,1100000000000000670,13
9011010068200000,18,100682000015000001,,,1,1100000000000000673,15
9011010068200000,72,100682000017000002,,,1,1100000000000000674,17
9011010068200000,14,100682000901000001,,,1,1100000000000000666,901
9011010068200000,12,100682000003000001,,,1,1100000000000000667,3
9011010068200000,14,100682000005000001,,,1,1100000000000000668,5
9011010068200000,14,100682000009000001,,,1,1100000000000000671,9
9011010068200000,18,100682000013000001,,,1,1100000000000000670,13
9011010068200000,28,100682000015000002,,,1,1100000000000000673,15
9011010068200000,38,100682000017000001,,,1,1100000000000000674,17
9011010068200000,18,100682000017000005,,,1,1100000000000000674,17
9011010068200000,12,100682000002000001,,,0,1100000000000000676,2
9011010068200000,2,100682000006000001,,,0,1100000000000000680,6
9011010068200000,18,100682000010000001,,,0,1100000000000000675,10
9011010068200000,28,100682000010000002,,,0,1100000000000000675,10
9011010068200000,72,100682000014000003,,,0,1100000000000000677,14
9011010068200000,17,100682000020000002,,,0,1100000000000000679,20
9011010068200000,18,100682000012000001,,,0,1100000000000000678,12
9011010068200000,17,100682000012000003,,,0,1100000000000000678,12
9011010068200000,22,100682000012000004,,,0,1100000000000000678,12
9011010068200000,14,100682000014000001,,,0,1100000000000000677,14
9011010068200000,74,100682000014000002,,,0,1100000000000000677,14
9011010068200000,38,100682000014000005,,,0,1100000000000000677,14
9011010068200000,6,100682000016000001,,,0,1100000000000000680,16
9011010068200000,14,100682000902000001,,,0,1100000000000000676,902
9011010068200000,2,100682000004000001,,,0,1100000000000000681,4
9011010068200000,17,100682000010000003,,,0,1100000000000000675,10
9011010068200000,28,100682000012000002,,,0,1100000000000000678,12
9011010068200000,18,100682000014000004,,,0,1100000000000000677,14
9011010068200000,2,100682000018000001,,,0,1100000000000000680,18
9011010068200000,18,100682000020000001,,,0,1100000000000000679,20
9011010068200000,22,100682000088000002,,,0,1100000000000000679,88
9011010068200000,22,100682000010000004,,,0,1100000000000000675,10
9011010068200000,28,100682000088000001,,,0,1100000000000000679,88
9011010091000000,75,100910000001000001,,,1,6100000000000000727,1
9011010091000000,75,100910000003000001,,,1,6100000000000000726,3
9011010091000000,75,100910000005000001,,,1,6100000000000000727,5
9011010091000000,75,100910000009000001,,,1,6100000000000000727,9
9011010091000000,75,100910000007000001,,,1,6100000000000000726,7
9011010091000000,75,100910000004000001,,,0,6100000000000000725,4
9011010091000000,75,100910000006000001,,,0,6100000000000000728,6
9011010091000000,75,100910000008000001,,,0,6100000000000000725,8
9011010091000000,75,100910000010000001,,,0,6100000000000000728,10
9011010091000000,75,100910000002000001,,,0,6100000000000000728,2
9011010091100000,76,100911000011000001,,,1,6100000000000000730,11
9011010091100000,77,100911000003000001,,,1,6100000000000000729,3
9011010091100000,78,100911000007000001,,,1,6100000000000000729,7
9011010091100000,79,100911000019000001,,,1,6100000000000000730,19
9011010091100000,78,100911000003000002,,,1,6100000000000000729,3
9011010091100000,77,100911000005000001,,,1,6100000000000000729,5
9011010091100000,76,100911000013000001,,,1,6100000000000000729,13
9011010091100000,79,100911000021000001,,,1,6100000000000000729,21
9011010091100000,76,100911000008000001,,,0,6100000000000000732,8
9011010091100000,79,100911000014000001,,,0,6100000000000000731,14
9011010091100000,77,100911000002000001,,,0,6100000000000000731,2
9011010091100000,79,100911000012000001,,,0,6100000000000000732,12
9011010091100000,78,100911000006000001,,,0,6100000000000000731,6
9011010091100000,76,100911000010000001,,,0,6100000000000000731,10
9011010091100000,78,100911000002000002,,,0,6100000000000000731,2
9011010091100000,77,100911000004000001,,,0,6100000000000000731,4
9011010091300000,80,100913000001000001,,,1,6100000000000000733,1
9011010091300000,81,100913000007000001,,,1,6100000000000000733,7
9011010091300000,81,100913000005000001,,,1,6100000000000000733,5
9011010091300000,82,100913000009000001,,,1,6100000000000000733,9
9011010091300000,82,100913000011000001,,,1,6100000000000000733,11
9011010091300000,80,100913000003000001,,,1,6100000000000000733,3
9011010091300000,81,100913000006000001,,,0,6100000000000000734,6
9011010091300000,81,100913000008000001,,,0,6100000000000000734,8
9011010091300000,82,100913000012000001,,,0,6100000000000000734,12
9011010091300000,80,100913000004000001,,,0,6100000000000000734,4
9011010091300000,82,100913000010000001,,,0,6100000000000000734,10
9011010091300000,80,100913000002000001,,,0,6100000000000000734,2
9011010091600000,2,100916000005000001,,,1,6100000000000000735,5
9011010091600000,2,100916000013000001,,,1,6100000000000000735,13
9011010091600000,2,100916000001000001,,,1,6100000000000000735,1
9011010091600000,2,100916000009000001,,,1,6100000000000000735,9
9011010091600000,2,100916000017000001,,,1,6100000000000000735,17
9011010091600000,2,100916000004000001,,,0,6100000000000000736,4
9011010091600000,2,100916000006000001,,,0,6100000000000000736,6
9011010091600000,2,100916000010000001,,,0,6100000000000000736,10
9011010091600000,2,100916000002000001,,,0,6100000000000000736,2
9011010091600000,2,100916000008000001,,,0,6100000000000000736,8
9011010091800000,2,100918000003000001,,,1,6100000000000000737,3
9011010091800000,2,100918000009000001,,,1,6100000000000000737,9
9011010091800000,2,100918000005000001,,,1,6100000000000000737,5
9011010091800000,2,100918000007000001,,,1,6100000000000000737,7
9011010091800000,2,100918000001000001,,,1,6100000000000000737,1
9011010091800000,2,100918000006000001,,,0,6100000000000000738,6
9011010091800000,2,100918000010000001,,,0,6100000000000000738,10
9011010091800000,2,100918000002000001,,,0,6100000000000000738,2
9011010091800000,2,100918000008000001,,,0,6100000000000000738,8
9011010091800000,2,100918000004000001,,,0,6100000000000000738,4
9011010091900000,83,100919000023000001,,,1,6100000000000000741,23
9011010091900000,83,100919000029000001,,,1,6100000000000000741,29
9011010091900000,2,100919000005000001,,,1,6100000000000000739,5
9011010091900000,2,100919000007000001,,,1,6100000000000000739,7
9011010091900000,83,100919000021000001,,,1,6100000000000000741,21
9011010091900000,75,100919000031000001,,,1,6100000000000000739,31
9011010091900000,75,100919000037000001,,,1,6100000000000000739,37
9011010091900000,75,100919000039000001,,,1,6100000000000000739,39
9011010091900000,2,100919000003000001,,,1,6100000000000000739,3
9011010091900000,83,100919000025000001,,,1,6100000000000000741,25
9011010091900000,83,100919000027000001,,,1,6100000000000000741,27
9011010091900000,75,100919000035000001,,,1,6100000000000000739,35
9011010091900000,2,100919000001000001,,,1,6100000000000000739,1
9011010091900000,2,100919000009000001,,,1,6100000000000000739,9
9011010091900000,75,100919000033000001,,,1,6100000000000000739,33
9011010091900000,2,100919000006000001,,,0,6100000000000000740,6
9011010091900000,75,100919000030000001,,,0,6100000000000000740,30
9011010091900000,83,100919000034000001,,,0,6100000000000000742,34
9011010091900000,83,100919000036000001,,,0,6100000000000000742,36
9011010091900000,83,100919000038000001,,,0,6100000000000000742,38
9011010091900000,83,100919000040000001,,,0,6100000000000000742,40
9011010091900000,2,100919000004000001,,,0,6100000000000000740,4
9011010091900000,2,100919000008000001,,,0,6100000000000000740,8
9011010091900000,75,100919000022000001,,,0,6100000000000000740,22
9011010091900000,75,100919000024000001,,,0,6100000000000000740,24
9011010091900000,2,100919000002000001,,,0,6100000000000000740,2
9011010091900000,2,100919000010000001,,,0,6100000000000000740,10
9011010091900000,75,100919000026000001,,,0,6100000000000000740,26
9011010091900000,75,100919000028000001,,,0,6100000000000000740,28
9011010091900000,83,100919000032000001,,,0,6100000000000000742,32
9011010093000000,84,100930000003000001,,,1,6100000000000000744,3
9011010093000000,85,100930000009000001,,,1,6100000000000000743,9
9011010093000000,84,100930000001000001,,,1,6100000000000000743,1
9011010093000000,65,100930000005000001,,,1,6100000000000000743,5
9011010093000000,65,100930000007000001,,,1,6100000000000000744,7
9011010093000000,85,100930000011000001,,,1,6100000000000000744,11
9011010093000000,65,100930000008000001,,,0,6100000000000000746,8
9011010093000000,85,100930000010000001,,,0,6100000000000000745,10
9011010093000000,84,100930000002000001,,,0,6100000000000000745,2
9011010093000000,84,100930000004000001,,,0,6100000000000000746,4
9011010093000000,65,100930000006000001,,,0,6100000000000000745,6
9011010093000000,85,100930000012000001,,,0,6100000000000000746,12
9011010093100000,65,100931000001000001,,,1,6100000000000000747,1
9011010093100000,65,100931000009000001,,,1,6100000000000000747,9
9011010093100000,65,100931000007000001,,,1,6100000000000000747,7
9011010093100000,65,100931000015000001,,,1,6100000000000000747,15
9011010093100000,65,100931000017000001,,,1,6100000000000000747,17
9011010093100000,65,100931000021000001,,,1,6100000000000000747,21
9011010093100000,65,100931000011000001,,,1,6100000000000000747,11
9011010093100000,65,100931000013000001,,,1,6100000000000000747,13
9011010093100000,65,100931000019000001,,,1,6100000000000000747,19
9011010093100000,65,100931000023000001,,,1,6100000000000000747,23
9011010093100000,65,100931000003000001,,,1,6100000000000000747,3
9011010093100000,65,100931000005000001,,,1,6100000000000000747,5
9011010093100000,65,100931000002000001,,,0,6100000000000000748,2
9011010093100000,65,100931000012000001,,,0,6100000000000000748,12
9011010093100000,65,100931000016000001,,,0,6100000000000000748,16
9011010093100000,65,100931000022000001,,,0,6100000000000000748,22
9011010093100000,65,100931000024000001,,,0,6100000000000000748,24
9011010093100000,65,100931000004000001,,,0,6100000000000000748,4
9011010093100000,65,100931000014000001,,,0,6100000000000000748,14
9011010093100000,65,100931000018000001,,,0,6100000000000000748,18
9011010093100000,65,100931000006000001,,,0,6100000000000000748,6
9011010093100000,65,100931000008000001,,,0,6100000000000000748,8
9011010093100000,65,100931000010000001,,,0,6100000000000000748,10
9011010093100000,65,100931000020000001,,,0,6100000000000000748,20
9011010093200000,86,100932000001000001,,,1,6100000000000000749,1
9011010093200000,87,100932000003000002,,,1,6100000000000000750,3
9011010093200000,85,100932000009000001,,,1,6100000000000000753,9
9011010093200000,88,100932000003000001,,,1,6100000000000000754,3
9011010093200000,85,100932000011000001,,,1,6100000000000000754,11
9011010093200000,65,100932000005000001,,,1,6100000000000000753,5
9011010093200000,65,100932000007000001,,,1,6100000000000000754,7
9011010093200000,88,100932000004000001,,,0,6100000000000000752,4
9011010093200000,85,100932000012000001,,,0,6100000000000000752,12
9011010093200000,86,100932000002000001,,,0,6100000000000000751,2
9011010093200000,87,100932000004000002,,,0,6100000000000000752,4
9011010093200000,65,100932000006000001,,,0,6100000000000000752,6
9011010093200000,65,100932000008000001,,,0,6100000000000000752,8
9011010093200000,85,100932000010000001,,,0,6100000000000000752,10
9011010094000000,52,100940000005000001,,,1,6100000000000000755,5
9011010094000000,3,100940000005000002,,,1,6100000000000000755,5
9011010094000000,89,100940000013000001,,,1,6100000000000000757,13
9011010094000000,79,100940000019000002,,,1,6100000000000000757,19
9011010094000000,79,100940000021000001,,,1,6100000000000000757,21
9011010094000000,52,100940000001000001,,,1,6100000000000000755,1
9011010094000000,89,100940000017000002,,,1,6100000000000000757,17
9011010094000000,90,100940000023000001,,,1,6100000000000000757,23
9011010094000000,79,100940000023000002,,,1,6100000000000000757,23
9011010094000000,91,100940000009000001,,,1,6100000000000000757,9
9011010094000000,76,100940000013000002,,,1,6100000000000000757,13
9011010094000000,76,100940000017000001,,,1,6100000000000000757,17
9011010094000000,90,100940000019000001,,,1,6100000000000000757,19
9011010094000000,3,100940000001000002,,,1,6100000000000000755,1
9011010094000000,91,100940000001000003,,,1,6100000000000000755,1
9011010094000000,3,100940000011000001,,,1,6100000000000000757,11
9011010094000000,76,100940000015000001,,,1,6100000000000000757,15
9011010094000000,89,100940000014000001,,,0,6100000000000000756,14
9011010094000000,3,100940000102000001,,,0,6100000000000000756,102
9011010094000000,89,100940000018000001,,,0,6100000000000000756,18
9011010094000000,90,100940000020000001,,,0,6100000000000000756,20
9011010094000000,79,100940000022000001,,,0,6100000000000000756,22
9011010094000000,90,100940000024000001,,,0,6100000000000000756,24
9011010094000000,52,100940000102000003,,,0,6100000000000000756,102
9011010094000000,52,100940000106000001,,,0,6100000000000000756,106
9011010094000000,76,100940000016000001,,,0,6100000000000000756,16
9011010094000000,76,100940000018000002,,,0,6100000000000000756,18
9011010094000000,79,100940000020000002,,,0,6100000000000000756,20
9011010094000000,79,100940000024000002,,,0,6100000000000000756,24
9011010094000000,3,100940000106000002,,,0,6100000000000000756,106
9011010094000000,91,100940000010000001,,,0,6100000000000000756,10
9011010094000000,3,100940000012000001,,,0,6100000000000000756,12
9011010094000000,76,100940000014000002,,,0,6100000000000000756,14
9011010094000000,91,100940000102000002,,,0,6100000000000000756,102
9011010109000000,92,101090000045000001,,,1,1100000000000000001,45
9011010109000000,92,101090000051000001,,,1,1100000000000000001,51
9011010109000000,68,101090000069000001,,,1,1100000000000000001,69
9011010109000000,68,101090000071000001,,,1,1100000000000000001,71
9011010109000000,68,101090000075000001,,,1,1100000000000000001,75
9011010109000000,68,101090000077000001,,,1,1100000000000000001,77
9011010109000000,68,101090000089000001,,,1,1100000000000000001,89
9011010109000000,68,101090000093000001,,,1,1100000000000000001,93
9011010109000000,68,101090000097000001,,,1,1100000000000000001,97
9011010109000000,69,101090000031000001,,,1,1100000000000000001,31
9011010109000000,69,101090000035000001,,,1,1100000000000000001,35
9011010109000000,92,101090000039000001,,,1,1100000000000000001,39
9011010109000000,92,101090000043000001,,,1,1100000000000000001,43
9011010109000000,92,101090000049000001,,,1,1100000000000000001,49
9011010109000000,92,101090000053000001,,,1,1100000000000000001,53
9011010109000000,92,101090000055000001,,,1,1100000000000000001,55
9011010109000000,92,101090000059000001,,,1,1100000000000000001,59
9011010109000000,92,101090000063000001,,,1,1100000000000000001,63
9011010109000000,68,101090000087000001,,,1,1100000000000000001,87
9011010109000000,69,101090000033000001,,,1,1100000000000000001,33
9011010109000000,92,101090000061000001,,,1,1100000000000000001,61
9011010109000000,92,101090000065000001,,,1,1100000000000000001,65
9011010109000000,68,101090000073000001,,,1,1100000000000000001,73
9011010109000000,68,101090000079000001,,,1,1100000000000000001,79
9011010109000000,68,101090000083000001,,,1,1100000000000000001,83
9011010109000000,92,101090000037000001,,,1,1100000000000000001,37
9011010109000000,92,101090000041000001,,,1,1100000000000000001,41
9011010109000000,92,101090000047000001,,,1,1100000000000000001,47
9011010109000000,92,101090000057000001,,,1,1100000000000000001,57
9011010109000000,92,101090000067000001,,,1,1100000000000000001,67
9011010109000000,68,101090000081000001,,,1,1100000000000000001,81
9011010109000000,68,101090000085000001,,,1,1100000000000000001,85
9011010109000000,68,101090000091000001,,,1,1100000000000000001,91
9011010109000000,68,101090000095000001,,,1,1100000000000000001,95
9011010109000000,92,101090000046000001,,,0,1100000000000000002,46
9011010109000000,92,101090000064000001,,,0,1100000000000000002,64
9011010109000000,92,101090000070000001,,,0,1100000000000000002,70
9011010109000000,68,101090000072000001,,,0,1100000000000000002,72
9011010109000000,68,101090000078000001,,,0,1100000000000000002,78
9011010109000000,68,101090000092000001,,,0,1100000000000000002,92
9011010109000000,92,101090000044000001,,,0,1100000000000000002,44
9011010109000000,92,101090000048000001,,,0,1100000000000000002,48
9011010109000000,92,101090000050000001,,,0,1100000000000000002,50
9011010109000000,92,101090000052000001,,,0,1100000000000000002,52
9011010109000000,92,101090000066000001,,,0,1100000000000000002,66
9011010109000000,68,101090000084000001,,,0,1100000000000000002,84
9011010109000000,92,101090000038000001,,,0,1100000000000000002,38
9011010109000000,92,101090000054000001,,,0,1100000000000000002,54
9011010109000000,92,101090000062000001,,,0,1100000000000000002,62
9011010109000000,92,101090000068000001,,,0,1100000000000000002,68
9011010109000000,68,101090000080000001,,,0,1100000000000000002,80
9011010109000000,68,101090000086000001,,,0,1100000000000000002,86
9011010109000000,68,101090000088000001,,,0,1100000000000000002,88
9011010109000000,68,101090000090000001,,,0,1100000000000000002,90
9011010109000000,68,101090000094000001,,,0,1100000000000000002,94
9011010109000000,68,101090000096000001,,,0,1100000000000000002,96
9011010109000000,92,101090000040000001,,,0,1100000000000000002,40
9011010109000000,92,101090000042000001,,,0,1100000000000000002,42
9011010109000000,92,101090000056000001,,,0,1100000000000000002,56
9011010109000000,92,101090000058000001,,,0,1100000000000000002,58
9011010109000000,92,101090000060000001,,,0,1100000000000000002,60
9011010109000000,68,101090000074000001,,,0,1100000000000000002,74
9011010109000000,68,101090000076000001,,,0,1100000000000000002,76
9011010109000000,68,101090000082000001,,,0,1100000000000000002,82
9011010109000000,68,101090000098000001,,,0,1100000000000000002,98
9011010109000000,68,101090000100000001,,,0,1100000000000000002,100
9011010109700000,92,101097000039000001,,,1,1100000000000000758,39
9011010109700000,92,101097000045000001,,,1,1100000000000000758,45
9011010109700000,92,101097000047000001,,,1,1100000000000000758,47
9011010109700000,92,101097000051000001,,,1,1100000000000000758,51
9011010109700000,92,101097000053000001,,,1,1100000000000000758,53
9011010109700000,92,101097000041000001,,,1,1100000000000000758,41
9011010109700000,68,101097000061000001,,,1,1100000000000000758,61
9011010109700000,68,101097000067000001,,,1,1100000000000000758,67
9011010109700000,68,101097000069000001,,,1,1100000000000000758,69
9011010109700000,92,101097000149000001,,,1,1100000000000000758,149
9011010109700000,92,101097000035000001,,,1,1100000000000000758,35
9011010109700000,68,101097000071000001,,,1,1100000000000000758,71
9011010109700000,68,101097000073000001,,,1,1100000000000000758,73
9011010109700000,68,101097000077000001,,,1,1100000000000000758,77
9011010109700000,68,101097000165000001,,,1,1100000000000000758,165
9011010109700000,92,101097000033000001,,,1,1100000000000000758,33
9011010109700000,92,101097000037000001,,,1,1100000000000000758,37
9011010109700000,92,101097000043000001,,,1,1100000000000000758,43
9011010109700000,68,101097000055000001,,,1,1100000000000000758,55
9011010109700000,68,101097000059000001,,,1,1100000000000000758,59
9011010109700000,68,101097000063000001,,,1,1100000000000000758,63
9011010109700000,68,101097000075000001,,,1,1100000000000000758,75
9011010109700000,92,101097000034000001,,,0,1100000000000000759,34
9011010109700000,92,101097000046000001,,,0,1100000000000000759,46
9011010109700000,68,101097000058000001,,,0,1100000000000000759,58
9011010109700000,68,101097000066000001,,,0,1100000000000000759,66
9011010109700000,68,101097000070000001,,,0,1100000000000000759,70
9011010109700000,68,101097000074000001,,,0,1100000000000000759,74
9011010109700000,92,101097000036000001,,,0,1100000000000000759,36
9011010109700000,92,101097000040000001,,,0,1100000000000000759,40
9011010109700000,92,101097000042000001,,,0,1100000000000000759,42
9011010109700000,92,101097000054000001,,,0,1100000000000000759,54
9011010109700000,68,101097000062000001,,,0,1100000000000000759,62
9011010109700000,68,101097000064000001,,,0,1100000000000000759,64
9011010109700000,68,101097000072000001,,,0,1100000000000000759,72
9011010109700000,68,101097000056000001,,,0,1100000000000000759,56
9011010109700000,68,101097000060000001,,,0,1100000000000000759,60
9011010109700000,92,101097000038000001,,,0,1100000000000000759,38
9011010109700000,92,101097000044000001,,,0,1100000000000000759,44
9011010109700000,92,101097000048000001,,,0,1100000000000000759,48
9011010109700000,92,101097000050000001,,,0,1100000000000000759,50
9011010109700000,92,101097000052000001,,,0,1100000000000000759,52
9011010109700000,68,101097000068000001,,,0,1100000000000000759,68
9011010109700000,68,101097000076000001,,,0,1100000000000000759,76
9011010115000000,10,101150000009000001,,,1,1100000000000000010,9
9011010115000000,10,101150000023000001,,,1,1100000000000000007,23
9011010115000000,10,101150000027000001,,,1,1100000000000000005,27
9011010115000000,10,101150000033000001,,,1,1100000000000000003,33
9011010115000000,26,101150000035000001,,,1,1100000000000000003,35
9011010115000000,4,101150000043000001,,,1,1100000000000000009,43
9011010115000000,4,101150000049000001,,,1,1100000000000000011,49
9011010115000000,10,101150000005000001,,,1,1100000000000000007,5
9011010115000000,10,101150000011000001,,,1,1100000000000000010,11
9011010115000000,10,101150000015000001,,,1,1100000000000000010,15
9011010115000000,10,101150000017000001,,,1,1100000000000000010,17
9011010115000000,10,101150000025000001,,,1,1100000000000000005,25
9011010115000000,4,101150000051000001,,,1,1100000000000000009,51
9011010115000000,25,101150000065000001,,,1,1100000000000000009,65
9011010115000000,25,101150000071000001,,,1,1100000000000000011,71
9011010115000000,25,101150000073000001,,,1,1100000000000000009,73
9011010115000000,10,101150000003000001,,,1,1100000000000000008,3
9011010115000000,10,101150000013000001,,,1,1100000000000000010,13
9011010115000000,10,101150000019000001,,,1,1100000000000000007,19
9011010115000000,10,101150000031000001,,,1,1100000000000000003,31
9011010115000000,4,101150000039000001,,,1,1100000000000000009,39
9011010115000000,4,101150000045000001,,,1,1100000000000000011,45
9011010115000000,4,101150000047000001,,,1,1100000000000000009,47
9011010115000000,25,101150000059000001,,,1,1100000000000000004,59
9011010115000000,25,101150000069000001,,,1,1100000000000000009,69
9011010115000000,10,101150000001000001,,,1,1100000000000000006,1
9011010115000000,10,101150000007000001,,,1,1100000000000000010,7
9011010115000000,10,101150000021000001,,,1,1100000000000000007,21
9011010115000000,10,101150000029000001,,,1,1100000000000000005,29
9011010115000000,4,101150000037000001,,,1,1100000000000000004,37
9011010115000000,4,101150000041000001,,,1,1100000000000000009,41
9011010115000000,4,101150000053000001,,,1,1100000000000000013,53
9011010115000000,4,101150000057000001,,,1,1100000000000000012,57
9011010115000000,25,101150000061000001,,,1,1100000000000000009,61
9011010115000000,25,101150000063000001,,,1,1100000000000000009,63
9011010115000000,25,101150000075000001,,,1,1100000000000000013,75
9011010115000000,25,101150000077000001,,,1,1100000000000000014,77
9011010115000000,4,101150000055000001,,,1,1100000000000000013,55
9011010115000000,25,101150000067000001,,,1,1100000000000000011,67
9011010115000000,8,101150000079000001,,,1,1100000000000000012,79
9011010115000000,10,101150000022000001,,,0,1100000000000000026,22
9011010115000000,10,101150000024000001,,,0,1100000000000000025,24
9011010115000000,10,101150000026000001,,,0,1100000000000000026,26
9011010115000000,10,101150000032000001,,,0,1100000000000000024,32
9011010115000000,10,101150000010000001,,,0,1100000000000000025,10
9011010115000000,10,101150000020000001,,,0,1100000000000000026,20
9011010115000000,10,101150000028000001,,,0,1100000000000000026,28
9011010115000000,10,101150000030000001,,,0,1100000000000000026,30
9011010115000000,10,101150000034000001,,,0,1100000000000000023,34
9011010115000000,4,101150000052000001,,,0,1100000000000000022,52
9011010115000000,4,101150000064000001,,,0,1100000000000000017,64
9011010115000000,25,101150000066000001,,,0,1100000000000000022,66
9011010115000000,25,101150000070000001,,,0,1100000000000000020,70
9011010115000000,8,101150000086000001,,,0,1100000000000000018,86
9011010115000000,10,101150000004000001,,,0,1100000000000000027,4
9011010115000000,10,101150000008000001,,,0,1100000000000000026,8
9011010115000000,10,101150000014000001,,,0,1100000000000000026,14
9011010115000000,10,101150000016000001,,,0,1100000000000000026,16
9011010115000000,10,101150000018000001,,,0,1100000000000000025,18
9011010115000000,26,101150000036000001,,,0,1100000000000000023,36
9011010115000000,26,101150000038000001,,,0,1100000000000000023,38
9011010115000000,26,101150000040000001,,,0,1100000000000000028,40
9011010115000000,4,101150000046000001,,,0,1100000000000000020,46
9011010115000000,4,101150000048000001,,,0,1100000000000000022,48
9011010115000000,4,101150000050000001,,,0,1100000000000000020,50
9011010115000000,25,101150000074000001,,,0,1100000000000000020,74
9011010115000000,25,101150000076000001,,,0,1100000000000000022,76
9011010115000000,25,101150000080000001,,,0,1100000000000000019,80
9011010115000000,10,101150000002000001,,,0,1100000000000000015,2
9011010115000000,10,101150000006000001,,,0,1100000000000000026,6
9011010115000000,10,101150000012000001,,,0,1100000000000000025,12
9011010115000000,4,101150000042000001,,,0,1100000000000000022,42
9011010115000000,4,101150000044000001,,,0,1100000000000000021,44
9011010115000000,4,101150000054000001,,,0,1100000000000000020,54
9011010115000000,4,101150000058000001,,,0,1100000000000000018,58
9011010115000000,4,101150000060000001,,,0,1100000000000000018,60
9011010115000000,4,101150000062000001,,,0,1100000000000000018,62
9011010115000000,25,101150000078000001,,,0,1100000000000000020,78
9011010115000000,8,101150000084000001,,,0,1100000000000000029,84
9011010115000000,8,101150000088000001,,,0,1100000000000000029,88
9011010115000000,4,101150000056000001,,,0,1100000000000000019,56
9011010115000000,25,101150000068000001,,,0,1100000000000000021,68
9011010115000000,25,101150000072000001,,,0,1100000000000000022,72
9011010115000000,25,101150000082000001,,,0,1100000000000000016,82
9011010115400000,10,101154000001000001,,,1,1100000000000000031,1
9011010115400000,10,101154000017000001,,,1,1100000000000000034,17
9011010115400000,10,101154000019000001,,,1,1100000000000000034,19
9011010115400000,4,101154000027000001,,,1,1100000000000000030,27
9011010115400000,4,101154000029000001,,,1,1100000000000000030,29
9011010115400000,25,101154000037000001,,,1,1100000000000000030,37
9011010115400000,10,101154000003000001,,,1,1100000000000000031,3
9011010115400000,10,101154000007000001,,,1,1100000000000000033,7
9011010115400000,10,101154000009000001,,,1,1100000000000000034,9
9011010115400000,10,101154000015000001,,,1,1100000000000000035,15
9011010115400000,4,101154000023000001,,,1,1100000000000000030,23
9011010115400000,4,101154000031000001,,,1,1100000000000000030,31
9011010115400000,10,101154000011000001,,,1,1100000000000000035,11
9011010115400000,25,101154000035000001,,,1,1100000000000000030,35
9011010115400000,10,101154000005000001,,,1,1100000000000000032,5
9011010115400000,10,101154000013000001,,,1,1100000000000000036,13
9011010115400000,26,101154000021000001,,,1,1100000000000000037,21
9011010115400000,4,101154000025000001,,,1,1100000000000000030,25
9011010115400000,25,101154000033000001,,,1,1100000000000000030,33
9011010115400000,10,101154000006000001,,,0,1100000000000000038,6
9011010115400000,10,101154000008000001,,,0,1100000000000000038,8
9011010115400000,10,101154000010000001,,,0,1100000000000000040,10
9011010115400000,10,101154000016000001,,,0,1100000000000000041,16
9011010115400000,4,101154000032000001,,,0,1100000000000000040,32
9011010115400000,4,101154000034000001,,,0,1100000000000000040,34
9011010115400000,25,101154000042000001,,,0,1100000000000000040,42
9011010115400000,25,101154000044000001,,,0,1100000000000000040,44
9011010115400000,10,101154000004000001,,,0,1100000000000000039,4
9011010115400000,10,101154000012000001,,,0,1100000000000000041,12
9011010115400000,10,101154000018000001,,,0,1100000000000000042,18
9011010115400000,71,101154000022000001,,,0,1100000000000000040,22
9011010115400000,4,101154000038000001,,,0,1100000000000000043,38
9011010115400000,10,101154000020000001,,,0,1100000000000000040,20
9011010115400000,10,101154000014000001,,,0,1100000000000000042,14
9011010115400000,26,101154000024000001,,,0,1100000000000000040,24
9011010115400000,26,101154000026000001,,,0,1100000000000000043,26
9011010115400000,4,101154000028000001,,,0,1100000000000000040,28
9011010115400000,4,101154000030000001,,,0,1100000000000000040,30
9011010115400000,4,101154000036000001,,,0,1100000000000000040,36
9011010115400000,25,101154000040000001,,,0,1100000000000000040,40
9011010115400000,8,101154000046000001,,,0,1100000000000000043,46
9011010160000000,10,101600000001000001,,,1,1100000000000000144,1
9011010160000000,10,101600000003000001,,,1,1100000000000000146,3
9011010160000000,10,101600000007000001,,,1,1100000000000000149,7
9011010160000000,10,101600000017000001,,,1,1100000000000000152,17
9011010160000000,10,101600000025000001,,,1,1100000000000000152,25
9011010160000000,10,101600000027000001,,,1,1100000000000000152,27
9011010160000000,10,101600000029000001,,,1,1100000000000000152,29
9011010160000000,10,101600000011000001,,,1,1100000000000000145,11
9011010160000000,10,101600000013000001,,,1,1100000000000000154,13
9011010160000000,10,101600000015000001,,,1,1100000000000000153,15
9011010160000000,10,101600000023000001,,,1,1100000000000000152,23
9011010160000000,10,101600000037000001,,,1,1100000000000000154,37
9011010160000000,10,101600000039000001,,,1,1100000000000000150,39
9011010160000000,10,101600000041000001,,,1,1100000000000000154,41
9011010160000000,10,101600000005000001,,,1,1100000000000000148,5
9011010160000000,10,101600000009000001,,,1,1100000000000000155,9
9011010160000000,10,101600000031000001,,,1,1100000000000000152,31
9011010160000000,10,101600000043000001,,,1,1100000000000000156,43
9011010160000000,10,101600000045000001,,,1,1100000000000000147,45
9011010160000000,10,101600000019000001,,,1,1100000000000000152,19
9011010160000000,10,101600000021000001,,,1,1100000000000000152,21
9011010160000000,10,101600000033000001,,,1,1100000000000000151,33
9011010160000000,10,101600000035000001,,,1,1100000000000000148,35
9011010160000000,10,101600000020000001,,,0,1100000000000000158,20
9011010160000000,10,101600000004000001,,,0,1100000000000000163,4
9011010160000000,10,101600000006000001,,,0,1100000000000000158,6
9011010160000000,10,101600000018000001,,,0,1100000000000000158,18
9011010160000000,10,101600000022000001,,,0,1100000000000000158,22
9011010160000000,10,101600000024000001,,,0,1100000000000000158,24
9011010160000000,10,101600000026000001,,,0,1100000000000000157,26
9011010160000000,10,101600000028000001,,,0,1100000000000000158,28
9011010160000000,10,101600000002000001,,,0,1100000000000000164,2
9011010160000000,10,101600000008000001,,,0,1100000000000000162,8
9011010160000000,10,101600000010000001,,,0,1100000000000000158,10
9011010160000000,10,101600000012000001,,,0,1100000000000000158,12
9011010160000000,10,101600000038000001,,,0,1100000000000000158,38
9011010160000000,10,101600000014000001,,,0,1100000000000000158,14
9011010160000000,10,101600000016000001,,,0,1100000000000000158,16
9011010160000000,10,101600000030000001,,,0,1100000000000000161,30
9011010160000000,10,101600000032000001,,,0,1100000000000000160,32
9011010160000000,10,101600000036000001,,,0,1100000000000000157,36
9011010160000000,10,101600000040000001,,,0,1100000000000000158,40
9011010160000000,10,101600000034000001,,,0,1100000000000000159,34
9011010160000000,10,101600000502000001,,,0,1100000000000000161,502
9011010456100000,65,104561000806000001,,,1,1100000000000000576,806
9011010465000000,65,104650000806000001,,,1,1100000000000000662,806
